"Cooperativa","DEPARTAMENTO","PROVINCIA","DISTRITO","GPS_longitude","GPS_latitude","cos_kgha_1","cos_kgha_2","month_floracion","date_start","date_end","date_harvested"
"norandino","Lambayeque","Ferreñafe","Kañariz",-79.4745353,-6.0915894,10,10,"agosto",2022-03-12,2022-03-12,2022-06-30
"norandino","Lambayeque","Ferreñafe","Kañaris",-79.4751673,-6.090494,10,15,"octubre",2022-03-12,2022-03-12,NA
"norandino","Lambayeque","Ferreñafe","Kañaris",-79.4758062,-6.0848778,9.33,14,"septiembre",2022-03-12,2022-03-12,2022-08-01
"norandino","Lambayeque","Lambayeque","Salas",-79.475172,-6.103797,4,10,"julio",2022-03-13,2022-03-13,2022-05-20
"norandino","Lambayeque","Lambayeque","Salas",-79.4779552,-6.0979908,3,3,"septiembre",2022-03-13,2022-03-13,2022-08-04
"norandino","Lambayeque","Lambayeque","Salas",-79.4797403,-6.0964958,5,7,"septiembre",2022-03-13,2022-03-13,2022-05-15
"norandino","Lambayeque","Lambayeque","Salas",-79.4693444,-6.1010123,5,15,"septiembre",2022-03-13,2022-03-14,2022-04-15
"norandino","Lambayeque","Ferreñafe","Kañaris",-79.4794412,-6.0865895,8,6,"septiembre",2022-03-12,2022-03-14,2020-07-13
"norandino","Lambayeque","Ferreñafe","Kañaris",-79.4799435,-6.0865345,22.22,20,"septiembre",2022-03-12,2022-03-14,2019-06-11
"norandino","Lambayeque","Ferreñafe","Kañaris",-79.4802964,-6.0876904,5.2,13,"septiembre",2022-03-12,2022-03-14,2019-07-11
"norandino","Lambayeque","Ferreñafe","Kañaris",-79.4780967,-6.0887497,20,10,"septiembre",2022-03-12,2022-03-12,2019-07-18
"norandino","Lambayeque","Ferreñafe","Kañaris",-79.4779906,-6.0884808,24.0942028985507,5,"septiembre",2022-03-12,2022-03-12,2020-07-17
"norandino","Lambayeque","Lambayeque","Salas",-79.4730876,-6.0988009,12.67,19,"septiembre",2022-03-13,2022-03-13,2015-07-09
"norandino","Lambayeque","Lambayeque","Salas",-79.473691,-6.0978441,20,10,"septiembre",2022-03-13,2022-03-13,2016-07-14
"norandino","Lambayeque","Lambayeque","Salas",-79.4727511,-6.0971762,17.33,13,"septiembre",2022-03-13,2022-03-13,2012-07-19
"norandino","Lambayeque","Lambayeque","Salas",-79.4723875,-6.0990251,9.33,7,"septiembre",2022-03-13,2022-03-13,2012-07-12
"norandino","LAMBAYEQUE","LAMBAYEQUE","SALAS",-79.48587,-6.1500633,20,20,"noviembre",2022-03-13,2022-03-13,2018-08-01
"norandino","Lambayeque","Lambayeque","Salas",-79.4945266,-6.1709156,3,3,"septiembre",2022-03-13,2022-03-16,2021-07-15
"norandino","Lambayeque","Lambayeque","Salas",-79.5191317,-6.2210151,24,6,"septiembre",2022-03-15,2022-03-16,2022-06-01
"norandino","Lambayeque","Lambayeque","Salas",-79.5161168,-6.1296078,8,8,"septiembre",2022-03-14,2022-03-16,2022-06-01
"norandino","Lambayeque","Lambayeque","Salas",-79.5145571,-6.130407,10,20,"septiembre",2022-03-14,2022-03-16,2022-05-20
"norandino","Lambayeque","Lambayeque","Salas",-79.5169829,-6.1293823,6,6,"septiembre",2022-03-14,2022-03-16,2022-06-01
"norandino","Lambayeque","Lambayeque","Salas",-79.483975,-6.169878,4,3,"octubre",2022-03-16,2022-03-16,2022-06-01
"norandino","Lambayeque","Lambayeque","Salas",-79.4863594,-6.170851,12,12,"septiembre",2022-03-16,2022-03-16,2022-06-01
"norandino","Lambayeque","Ferreñafe","Cañaris",-79.5410049,-6.0062724,47.62,30,"septiembre",2022-03-17,2022-03-17,2017-07-13
"norandino","Lambayeque","Ferreñafe","Cañaris",-79.5405314,-6.0048699,30,30,"septiembre",2022-03-17,2022-03-17,2017-07-20
"norandino","Lambayeque","Ferreñafe","Kañaris",-79.5433841,-6.0016956,8,8,"septiembre",2022-03-16,2022-03-16,2014-06-12
"norandino","Lambayeque","Ferreñafe","Kañaris",-79.5351902,-6.0023766,13,13,"septiembre",2022-03-16,2022-03-16,2020-07-10
"norandino","Lambayeque","Ferreñafe","Cañaris",-79.5333097,-6.0028035,13,26,"septiembre",2022-03-16,2022-03-17,2013-07-11
"norandino","Piura","Huancabamba","Lalaquiz",-79.6398871,-5.1967754,10,30,"octubre",2022-03-16,2022-03-17,2022-06-01
"norandino","Piura","Huancabamba","Lalaquiz",-79.6418958,-5.193355,26,52,"octubre",2022-03-16,2022-03-17,2022-06-02
"norandino","Piura","Huancabamba","Lalaquiz",-79.6418491,-5.19337,55,55,"octubre",2022-03-16,2022-03-17,2022-06-01
"norandino","Piura","Huancabamba","Lalaquiz",-79.6471325,-5.1961789,27,27,"octubre",2022-03-16,2022-03-16,2022-06-01
"norandino","Piura","Huancabamba","Lalaquiz",-79.6425408,-5.1968413,23.2,58,"octubre",2022-03-17,2022-03-17,2022-06-01
"norandino","Piura","Huancabamba","Lalaquiz",-79.6431388,-5.1965138,13.8,1.25,"septiembre",2022-03-17,2022-03-17,NA
"norandino","Piura","Huancabamba","Lalaquiz",-79.6438448,-5.1959524,13.33,40,"octubre",2022-03-17,2022-03-17,2022-06-01
"norandino","Piura","Huancabamba","Lalaquiz",-79.6439938,-5.195669,19,38,"octubre",2022-03-17,2022-03-17,2022-06-01
"norandino","Piura","Huancabamba","Lalaquiz",-79.6449932,-5.1918715,10,10,"octubre",2022-03-17,2022-03-17,2022-06-01
"norandino","Piura","Huancabamba","Lalaquiz",-79.6420577,-5.1934427,26.9927536231884,26.9927536231884,"septiembre",2022-03-16,2022-03-17,NA
"norandino","LAMBAYEQUE","LAMBAYEQUE","SALAS",-79.4856172,-6.1493757,5.66,3,"septiembre",2022-03-15,2022-03-16,2019-08-01
"norandino","LAMBAYEQUE","LAMBAYEQUE","SALAS",-79.4805503,-6.1480071,42.86,15,"octubre",2022-03-16,2022-03-17,2017-07-20
"norandino","Lambayeque","Lambayeque","Salas",-79.4900265,-6.1737459,16,4,"septiembre",2022-03-16,2022-03-18,2022-07-01
"norandino","Lambayeque","Lambayeque","Salas",-79.4909136,-6.1699529,20,15,"septiembre",2022-03-16,2022-03-18,2022-06-02
"norandino","Lambayeque","Lambayeque","Salas",-79.4932626,-6.1708001,12,3,"septiembre",2022-03-16,2022-03-18,2022-06-01
"norandino","Lambayeque","Lambayeque","Salas",-79.4979328,-6.1726837,8,8,"septiembre",2022-03-18,2022-03-18,NA
"norandino","Piura","Huancabamba","Lalaquiz",-79.6376085,-5.1933168,9.5,38,"octubre",2022-03-18,2022-03-18,NA
"norandino","Piura","Huancabamba","Lalaquiz",-79.6374661,-5.1931454,52.67,1.43115942028985,"septiembre",2022-03-18,2022-03-18,2022-06-01
"norandino","Piura","Huancabamba","Lalaquiz",-79.6409095,-5.1906492,10,20,"octubre",2022-03-18,2022-03-18,2022-06-01
"norandino","Piura","Huancabamba","Lalaquiz",-79.6410789,-5.1913034,17.5,1.26811594202899,"octubre",2022-03-18,2022-03-18,2022-06-01
"norandino","Piura","Huancabamba","Lalaquiz",-79.6431838,-5.1927524,25.71,1.6304347826087,"octubre",2022-03-18,2022-03-18,2022-06-01
"norandino","Lambayeque","Lambayeque","Salas",-79.4954578,-6.1789651,20,5,"septiembre",2022-03-18,2022-03-18,2022-06-01
"norandino","Lambayeque","Lambayeque","Salas",-79.4956826,-6.1786746,10,5,"septiembre",2022-03-18,2022-03-18,2022-06-01
"norandino","Lambayeque","Lambayeque","Salas",-79.4999313,-6.1756214,10,5,"septiembre",2022-03-18,2022-03-18,NA
"norandino","Lambayeque","Lambayeque","Salas",-79.4987488,-6.1770646,36,18,"septiembre",2022-03-18,2022-03-18,2022-06-15
"norandino","LAMBAYEQUE","LAMBAYEQUE","SALAS",-79.4863129,-6.1480159,6,3,"noviembre",2022-03-15,2022-03-17,2021-07-22
"norandino","LAMBAYEQUE","LAMBAYEQUE","SALAS",-79.4742824,-6.146841,6,6,"noviembre",2022-03-17,2022-03-17,2020-07-29
"norandino","LAMBAYEQUE","LAMBAYEQUE","SALAS",-79.4773579,-6.1483269,7,7,"noviembre",2022-03-17,2022-03-17,2020-08-03
"norandino","LAMBAYEQUE","LAMBAYEQUE","SALAS",-79.4792566,-6.1378972,9.33,7,"octubre",2022-03-18,2022-03-18,2016-08-02
"norandino","LAMBAYEQUE","LAMBAYEQUE","SALAS",-79.4800093,-6.1407453,10,5,"septiembre",2022-03-18,2022-03-18,2018-08-25
"norandino","LAMBAYEQUE","LAMBAYEQUE","SALAS",-79.4793864,-6.1438906,9.33,7,"octubre",2022-03-18,2022-03-18,2016-07-30
"norandino","Lambayeque","Ferreñafe","Kañaris",-79.4758522,-6.0802395,26.67,20,"septiembre",2022-03-12,2022-03-17,2018-07-16
"norandino","Lambayeque","Lambayeque","Salas",-79.4738383,-6.0973668,6.67,5,"septiembre",2022-03-13,2022-03-17,2019-07-18
"norandino","Lambayeque","Ferreñafe","Kañaris",-79.5373913,-6.0037384,12,12,"septiembre",2022-03-17,2022-03-17,2018-07-20
"norandino","Lambayeque","Ferreñafe","Kañaris",-79.5236383,-6.0223267,25,25,"septiembre",2022-03-18,2022-03-18,2019-07-25
"norandino","Lambayeque","Ferreñafe","Kañaris",-79.5340105,-6.0170188,29.27,30,"septiembre",2022-03-18,2022-03-18,2018-08-01
"norandino","Piura","Huancabamba","Lalaquiz",-79.647489,-5.1989949,11.5,23,"octubre",2022-03-19,2022-03-19,2022-06-01
"norandino","Piura","Huancabamba","Lalaquiz",-79.6497136,-5.1999799,10,10,"septiembre",2022-03-19,2022-03-19,2022-06-01
"norandino","Piura","Huancabamba","Lalaquiz",-79.6487838,-5.2014065,7.5,15,"septiembre",2022-03-19,2022-03-19,2022-06-01
"norandino","Piura","Huancabamba","Lalaquiz",-79.6473017,-5.2013996,5.5,11,"septiembre",2022-03-19,2022-03-19,2022-06-01
"norandino","Piura","Huancabamba","Lalaquiz",-79.6468229,-5.201452,20,50,"septiembre",2022-03-19,2022-03-19,2022-06-01
"pangoa","Junin","Satipo","Pangoa",-74.53896,-11.4696962,8.75,1.39492753623188,"septiembre",2022-03-18,2022-03-19,2015-04-15
"norandino","LAMBAYEQUE","LAMBAYEQUE","SALAS",-79.4847854,-6.1471175,10,10,"septiembre",2022-03-15,2022-03-19,2021-07-17
"norandino","LAMBAYEQUE","LAMBAYEQUE","SALAS",-79.4764437,-6.144688,4,3,"septiembre",2022-03-18,2022-03-19,2019-08-03
"norandino","Piura","Huancabamba","Lalaquiz",-79.6494811,-5.1789391,30,60,"septiembre",2022-03-21,2022-03-21,2022-07-01
"norandino","Piura","Huancabamba","Lalaquiz",-79.6455149,-5.1852267,15,30,"octubre",2022-03-21,2022-03-21,2022-06-01
"norandino","Piura","Huancabamba","Lalaquiz",-79.6456496,-5.1858138,20,50,"septiembre",2022-03-21,2022-03-21,2022-03-21
"norandino","Piura","Huancabamba","Lalaquiz",-79.6445914,-5.1868639,10,20,"septiembre",2022-03-21,2022-03-21,2022-06-01
"norandino","Piura","Huancabamba","Lalaquiz",-79.6451506,-5.1889927,13,1.17753623188406,"septiembre",2022-03-21,2022-03-21,2022-03-21
"norandino","Lambayeque","Lambayeque","Salas",-79.4850761,-6.0380095,10,5,"septiembre",2022-03-20,2022-03-21,2022-07-14
"norandino","Lambayeque","Lambayeque","Salas",-79.4852518,-6.0386035,6,6,"septiembre",2022-03-20,2022-03-20,2020-07-09
"norandino","Lambayeque","Lambayeque","Salas",-79.4999957,-6.0203527,20,10,"septiembre",2022-03-20,2022-03-20,2020-07-16
"norandino","Lambayeque","Lambayeque","Salas",-79.5003693,-6.0288315,15,15,"septiembre",2022-03-20,2022-03-21,2019-07-11
"norandino","Lambayeque","Lambayeque","Distrito",-79.4989393,-6.0341339,20,5,"septiembre",2022-03-21,2022-03-21,2019-07-11
"norandino","Lambayeque","Ferreñafe","Kañaris",-79.510136,-6.0237771,20,10,"septiembre",2022-03-19,2022-03-21,2014-07-17
"norandino","LAMBAYEQUE","LAMBAYEQUE","SALAS",-79.4759073,-6.1477157,3,3,"octubre",2022-03-20,2022-03-20,2016-08-25
"norandino","Lambayeque","Ferreñafe","Kañaris",-79.5497292,-5.9991168,2.14,3,"octubre",2022-03-16,2022-03-16,2022-07-31
"norandino","Lambayeque","Ferreñafe","Kañaris",-79.5500379,-5.9999216,12,6,"octubre",2022-03-16,2022-03-16,2022-07-31
"norandino","Lambayeque","Ferreñafe","Kañaris",-79.5506558,-6.0021277,0,0,"septiembre",2022-03-16,2022-03-16,2022-07-09
"norandino","Lambayeque","Ferreñafe","Kañaris",-79.5464452,-6.0033431,47.95,35,"octubre",2022-03-17,2022-03-17,2022-05-30
"norandino","Departamento","Ferreñafe","Kañariz",-79.5481431,-6.0052818,12,6,"septiembre",2022-03-17,2022-03-17,2022-06-02
"norandino","Lambayeque","Ferreñafe","Kañaris",-79.5486167,-6.0029127,25,25,"septiembre",2022-03-17,2022-03-17,2022-05-01
"norandino","Lambayeque
","Ferreñafe","Kañaris",-79.5435584,-6.0047252,4.12,14,"septiembre",2022-03-17,2022-03-17,2022-07-01
"norandino","Lambayeque","Ferreñafe","Kañaris",-79.5440184,-6.0049471,40,10,"septiembre",2022-03-17,2022-03-17,2022-06-16
"norandino","Lambayeque @@","Ferreñafe","Kañaris",-79.5456166,-6.0081212,13.33,20,"octubre",2022-03-17,2022-03-17,2022-06-03
"norandino","Lambayeque","Ferreñafe","Kañaris",-79.5433379,-6.0097688,20,20,"octubre",2022-03-17,2022-03-17,2022-08-01
"norandino","Lambayeque","Ferreñafe","Kañaris",-79.5322448,-6.0044417,15,30,"octubre",2022-03-18,2022-03-18,2022-06-02
"norandino","Lambayeque","Ferreñafe","Kañaris",-79.53636,-6.0086867,18,9,"octubre",2022-03-18,2022-03-18,2022-07-01
"norandino","Lambayeque","Ferreñafe","Kañaris",-79.5382082,-6.0089879,15,15,"septiembre",2022-03-18,2022-03-18,2022-07-01
"norandino","Lambayeque","Ferreñafe","Kañaris",-79.5307218,-6.0171816,42.86,30,"octubre",2022-03-18,2022-03-18,2022-05-02
"norandino","Lambayeque","Ferreñafe","Kañaris",-79.5348366,-6.0176192,24.67,37,"octubre",2022-03-18,2022-03-18,2022-06-01
"norandino","Lambayeque","Ferreñafe","Kañaris",-79.5099874,-6.0216968,5,5,"septiembre",2022-03-19,2022-03-19,2022-07-01
"norandino","Lambayeque","Lambayeque","Salas",-79.5037432,-6.0190102,4,4,"octubre",2022-03-19,2022-03-20,2022-06-04
"norandino","Lambayeque","Lambayeque","Salas",-79.5067113,-6.023347,0,0,"noviembre",2022-03-19,2022-03-20,2022-07-01
"norandino","Lambayeque","Lambayeque","Salas",-79.5079235,-6.0232817,5,5,"octubre",2022-03-20,2022-03-20,2022-05-01
"norandino","Lambayeque","Lambayeque","Salas",-79.5053115,-6.0210808,2,18.1159420289855,"octubre",2022-03-20,2022-03-20,2022-06-01
"norandino","Lambayeque","Lambayeque","Salas",-79.5033433,-6.0213618,8,4,"octubre",2022-03-20,2022-03-20,2022-03-01
"norandino","Lambayeque","Lambayeque","Salas",-79.503413,-6.0189521,2,18.1159420289855,"octubre",2022-03-20,2022-03-20,2022-06-01
"norandino","Lambayeque","Lambayeque","Salas",-79.5015848,-6.0189912,10,5,"octubre",2022-03-20,2022-03-20,2022-06-01
"norandino","LAMBAYEQUE","LAMBAYEQUE","SALAS",-79.4747019,-6.1457156,8,8,"noviembre",2022-03-18,2022-03-22,2011-07-23
"pangoa","Junin","Satipo","Pangoa",-74.5043963,-11.3737973,19.8,1.79347826086957,"octubre",2022-03-18,2022-03-22,2017-04-01
"pangoa","Junin","Satipo","Pangoa",-74.5470945,-11.4808004,6.43,1.6304347826087,"septiembre",2022-03-18,2022-03-22,2016-03-18
"pangoa","Junin","Satipo","Pangoa",-74.5441846,-11.4945635,26.67,1.44927536231884,"octubre",2022-03-18,2022-03-21,2016-04-15
"pangoa","Junin","Satipo","Pangoa",-74.5271726,-11.4841208,10,30,"septiembre",2022-03-19,2022-03-22,2015-04-06
"pangoa","Junin","Satipo","Pangoa",-74.5347317,-11.4943936,13.33,40,"septiembre",2022-03-19,2022-03-22,2015-04-07
"pangoa","Junín","Satipo","Pangoa",-74.4791126,-11.4750277,10.73,59,"septiembre",2022-03-19,2022-03-22,2015-03-19
"pangoa","Junín","Satipo","Pangoa",-74.5133942,-11.4995874,13.14,46,"octubre",2022-03-21,2022-03-22,2017-04-10
"pangoa","Junín","Satipo","Pangoa",-74.5129663,-11.5203992,13,26,"octubre",2022-03-21,2022-03-22,2016-05-09
"pangoa","Junín","Satipo","Pangoa",-74.5060597,-11.5028653,11.85,1.39492753623188,"octubre",2022-03-21,2022-03-21,2014-05-05
"pangoa","Junín","Satipo","Pangoa",-74.3724723,-11.6984401,18.57,1.17753623188406,"septiembre",2022-03-21,2022-03-21,2016-04-25
"pangoa","Junín","Satipo","Pangoa",-74.39224,-11.6637888,26.29,1.66666666666667,"octubre",2022-03-21,2022-03-21,2018-04-23
"pangoa","Junín","Satipo","Pangoa",-74.3705236,-11.6488181,7,14,"octubre",2022-03-21,2022-03-21,2016-04-18
"pangoa","Junín","Satipo","Pangoa",-74.4724053,-11.5512504,16,16,"agosto",2022-03-22,2022-03-22,2015-03-24
"pangoa","Junin","Satipo","Pangoa",-74.4785604,-11.5517109,2.22,10,"agosto",2022-03-22,2022-03-22,2015-04-06
"pangoa","Junín","Satipo","Pangoa",-74.4871751,-11.5534766,5.71,20,"octubre",2022-03-22,2022-03-22,2008-04-01
"pangoa","Junín","Satipo","Pangoa",-74.4870608,-11.5538726,13.33,20,"septiembre",2022-03-22,2022-03-22,2016-04-11
"pangoa","Junin","Satipo","Pangoa",-74.5069688,-11.5659161,20,50,"octubre",2022-03-22,2022-03-22,2015-04-13
"pangoa","Junín","Satipo","Pangoa",-74.5116645,-11.5694025,13.6,34,"octubre",2022-03-22,2022-03-22,2015-04-06
"pangoa","Junin","Satipo","Pangoa",-74.5304246,-11.4885606,20,40,"octubre",2022-03-22,2022-03-22,2022-04-14
"pangoa","Junin","Satipo
","Pangoa",-74.4962305,-11.5626543,5,20,"octubre",2022-03-18,2022-03-23,2022-04-13
"pangoa","Junin","Satipo","Pangoa",-74.4966673,-11.5671408,6,54,"octubre",2022-03-19,2022-03-23,2022-04-08
"pangoa","Junin","Huancayo","SantoDomingo de Acobamba",-74.5149304,-11.5692824,4.29,30,"octubre",2022-03-21,2022-03-23,2022-04-04
"pangoa","Junín","Satipo","Pangoa",-74.4928077,-11.5641079,5,15,"octubre",2022-03-21,2022-03-23,2022-04-15
"pangoa","Junín","Satipo","PANGOA",-74.4749759,-11.5771851,2.86,20,"octubre",2022-03-21,2022-03-23,2022-04-15
"pangoa","Junín","Satipo","PANGOA",-74.5355251,-11.4965301,7.5,15,"noviembre",2022-03-22,2022-03-23,2022-04-10
"pangoa","Junin","Satipo","San Martin",-74.534646,-11.4915044,22.5,45,"octubre",2022-03-22,2022-03-23,2022-04-20
"pangoa","Junin","Satipo","Pangoa",-74.5335004,-11.4928878,5,20,"octubre",2022-03-22,2022-03-23,2022-05-06
"norandino","LAMBAYEQUE","LAMBAYEQUE","SALAS",-79.4715589,-6.1739317,4,4,"octubre",2022-03-23,2022-03-23,2016-07-22
"norandino","LAMBAYEQUE","LAMBAYEQUE","SALAS",-79.471352,-6.1742416,15.38,2,"septiembre",2022-03-23,2022-03-23,2018-08-10
"norandino","LAMBAYEQUE","LAMBAYEQUE","SALAS",-79.4733247,-6.1743244,6,3,"octubre",2022-03-23,2022-03-23,2020-08-21
"pangoa","Junín","Satipo","Pangoa",-74.4946402,-11.562013,5,15,"octubre",2022-03-19,2022-03-24,2022-04-15
"pangoa","Junin","Satipo","Pangoa 

",-74.5367842,-11.4647124,6.67,30,"septiembre",2022-03-23,2022-03-23,2022-03-29
"pangoa","Junin","Satipo","Pangoa",-74.5266311,-11.4604943,7,7,"agosto",2022-03-23,2022-03-23,2022-03-29
"norandino","LAMBAYEQUE","LAMBAYEQUE","SALAS",-79.4860645,-6.1489327,3,3,"octubre",2022-03-15,2022-03-23,2020-08-20
"norandino","LAMBAYEQUE","LAMBAYEQUE","SALAS",-79.4838712,-6.1491626,6.67,5,"septiembre",2022-03-20,2022-03-23,2015-08-01
"norandino","PIURA","HUANCABAMBA","CANCHAQUE",-79.6076844,-5.2620811,8,8,"septiembre",2022-03-24,2022-03-24,2013-08-15
"norandino","Piura","Huamcabamba","Lalaquiz",-79.6971421,-5.1664552,10,5,"octubre",2022-03-24,2022-03-24,NA
"norandino","Piura","Huamcabamba","Lalaquiz",-79.6770868,-5.1669546,50,25,"octubre",2022-03-24,2022-03-24,NA
"norandino","Piura","Huamcabamba","Lalaquiz",-79.6771346,-5.1663253,40,20,"octubre",2022-03-24,2022-03-24,NA
"norandino","Piura","Huamcabamba","Lalaquiz",-79.6767198,-5.168018,40,40,"octubre",2022-03-24,2022-03-24,NA
"norandino","Piura","Huamcabamba","Lalaquiz",-79.676012,-5.1725234,50,25,"octubre",2022-03-24,2022-03-24,NA
"norandino","Piura","Huamcabamba","Lalaquiz",-79.6755575,-5.1719788,17,17,"octubre",2022-03-24,2022-03-24,NA
"norandino","PIURA","HUANCABAMBA","CANCHAQUE",-79.6077672,-5.2625218,33.33,50,"septiembre",2022-03-24,2022-03-25,2018-03-24
"norandino","PIURA","HUANCABAMBA","CANCHAQUE",-79.6097616,-5.2640954,12,12,"septiembre",2022-03-24,2022-03-25,2015-06-19
"norandino","Piura","Huancabamba","Lalaquiz",-79.6805851,-5.2022678,12,3,"noviembre",2022-03-17,2022-03-17,2022-06-03
"norandino","Piura","Huancabamba","Lalaquiz",-79.6790818,-5.2013442,10,5,"noviembre",2022-03-17,2022-03-17,2022-06-10
"norandino","LAMBAYEQUE","LAMBAYEQUE","SALAS",-79.4813241,-6.1485372,6,6,"octubre",2022-03-23,2022-03-25,2015-07-25
"norandino","LAMBAYEQUE","LAMBAYEQUE","SALAS",-79.4843047,-6.1457737,7.33,11,"noviembre",2022-03-23,2022-03-25,2020-08-13
"norandino","Piura","Huancabamba","Canchaque",-79.6336075,-5.2025413,8,8,"octubre",2022-03-12,2022-03-20,2021-05-15
"norandino","Piura","Huancabamba","Canchaque",-79.6334684,-5.2024051,6,6,"octubre",2022-03-12,2022-03-21,2022-06-15
"norandino","Piura","Huancabamba","Canchaque",-79.6262669,-5.208651,12,30,"octubre",2022-03-12,2022-03-20,2022-05-15
"norandino","Piura","Huancabamba","Canchaque",-79.6373662,-5.2287604,8,8,"octubre",2022-03-13,2022-03-20,2022-05-15
"norandino","Piura","Huancabamba","Canchaque",-79.6373681,-5.2264522,15,15,"octubre",2022-03-13,2022-03-21,2022-05-15
"norandino","Piura","Huancabamba","Canchaque",-79.6188084,-5.1829635,9.6,12,"octubre",2022-03-15,2022-03-21,2022-06-15
"norandino","Piura","Huancabamba","Canchaque",-79.6081323,-5.2087431,15,15,"octubre",2022-03-18,2022-03-21,2022-06-15
"norandino","Piura","Huancabamba","Canchaque",-79.6090807,-5.2090761,14,35,"octubre",2022-03-18,2022-03-21,2022-06-15
"norandino","Piura","Huancabamba","Canchaque",-79.60835,-5.2084946,17,17,"octubre",2022-03-18,2022-03-22,2022-06-15
"norandino","Piura","Huancabamba","Canchaque",-79.6397395,-5.2152466,9.33,7,"octubre",2022-03-17,2022-03-21,2022-04-15
"norandino","Piura","Huancabamba","Canchaque",-79.6408458,-5.2162032,7,7,"octubre",2022-03-17,2022-03-21,2022-04-15
"norandino","Piura","Huancabamba","Canchaque",-79.636106,-5.2099605,10,5,"octubre",2022-03-17,2022-03-21,2022-05-15
"norandino","Piura","Huancabamba","Canchaque",-79.6374027,-5.2112718,12,12,"octubre",2022-03-17,2022-03-21,2022-05-15
"norandino","Piura","Huancabamba","Canchaque",-79.6190206,-5.222574,12,6,"octubre",2022-03-18,2022-03-21,2022-06-15
"norandino","Piura","Huancabamba","Canchaque",-79.6297625,-5.2257416,10,30,"octubre",2022-03-19,2022-03-21,2022-05-15
"norandino","Piura","Huancabamba","Canchaque",-79.6288598,-5.2267558,8,8,"octubre",2022-03-19,2022-03-23,2022-05-15
"norandino","Piura","Huancabamba","Canchaque",-79.628829,-5.2268001,20,20,"octubre",2022-03-19,2022-03-23,2022-05-15
"norandino","Piura","Huancabamba","Canchaque",-79.6289726,-5.2234924,19,19,"octubre",2022-03-19,2022-03-23,2022-05-15
"norandino","Piura","Huancabamba","Canchaque",-79.6310442,-5.2184355,20,40,"octubre",2022-03-19,2022-03-24,2022-06-15
"norandino","Piura","Huancabamba","Canchaque",-79.6184753,-5.209001,22.5,45,"octubre",2022-03-20,2022-03-20,NA
"norandino","Piura","Huancabamba","Canchaque",-79.631615,-5.2183554,16,8,"octubre",2022-03-24,2022-03-24,2022-05-15
"norandino","Piura","Huancabamba","Canchaque",-79.6360328,-5.207938,10,5,"septiembre",2022-03-26,2022-03-24,2022-04-15
"norandino","Piura","Huancabamba","Canchaque",-79.635721,-5.208607,5,5,"octubre",2022-03-26,2022-03-24,2022-05-15
"norandino","Piura","Huancabamba","Canchaque",-79.6347633,-5.2077566,16,8,"octubre",2022-03-26,2022-03-24,2022-05-15
"norandino","Piura","Huancabamba","Canchaque",-79.6341658,-5.2061879,32,8,"septiembre",2022-03-26,2022-03-24,2022-05-15
"norandino","Piura","Huancabamba","Canchaque",-79.6297713,-5.2084803,3.53,3,"octubre",2022-03-26,2022-03-24,2022-05-15
"norandino","Piura","Huancabamba","Canchaque",-79.6276664,-5.2087708,5,5,"octubre",2022-03-26,2022-03-24,2022-05-15
"norandino","Piura","Huancabamba","Canchaque",-79.6274878,-5.2088141,11.67,35,"octubre",2022-03-26,2022-03-24,2022-05-15
"norandino","Piura","Huancabamba","Canchaque",-79.6360847,-5.209407,16,4,"octubre",2022-03-27,2022-03-24,2022-05-15
"norandino","Piura","Huancabamba","Canchaque",-79.6360795,-5.208614,12,18,"septiembre",2022-03-27,2022-03-24,2022-05-15
"norandino","Piura","Huancabamba","Canchaque",-79.6268043,-5.2135754,12.5,25,"octubre",2022-03-24,2022-03-24,2022-05-15
"norandino","Piura","Huancabamba","Canchaque",-79.6272242,-5.2136249,7.5,15,"septiembre",2022-03-24,2022-03-24,2022-05-15
"norandino","Piura","Huancabamba","Canchaque
",-79.6223058,-5.1922325,14,35,"octubre",2022-03-11,2022-03-20,2022-05-15
"norandino","Piura","Huancabamba","Lalaquiz",-79.699352,-5.1672853,26.67,40,"diciembre",2022-03-15,2022-03-22,2022-03-15
"norandino","Piura","Huancabamba","Lalaquiz",-79.7002823,-5.1679498,10,10,"diciembre",2022-03-15,2022-03-22,NA
"norandino","Piura","Huancabamba","Lalaquiz",-79.700291,-5.1730608,10,5,"octubre",2022-03-15,2022-03-22,NA
"norandino","Piura","Huancabamba","Lalaquiz",-79.6962433,-5.174286,8,8,"octubre",2022-03-15,2022-03-22,NA
"norandino","Piura","Huancabamba","Lalaquiz",-79.6963417,-5.1753288,10,5,"octubre",2022-03-16,2022-03-22,NA
"norandino","Piura","Huancabamba","Lalaquiz",-79.6967699,-5.1753252,10,5,"octubre",2022-03-16,2022-03-22,NA
"norandino","Piura","Huancabamba","Lalaquiz",-79.6968793,-5.1755016,6,3,"octubre",2022-03-16,2022-03-22,NA
"norandino","Piura","Huancabamba","Lalaquiz",-79.6977598,-5.1757524,1.26811594202899,35,"octubre",2022-03-16,2022-03-19,NA
"norandino","Piura","Huancabamba","Lalaquiz",-79.6965878,-5.1740828,1.44927536231884,40,"octubre",2022-03-16,2022-03-22,NA
"norandino","Piura","Huancabamba","Lalaquiz",-79.6972821,-5.1692357,36,18,"octubre",2022-03-17,2022-03-22,NA
"norandino","Piura","Huancabamba","Lalaquiz",-79.6925653,-5.1745619,40,20,"octubre",2022-03-17,2022-03-22,NA
"norandino","Piura","Huancabamba","Lalaquiz",-79.6923148,-5.175449,30,15,"octubre",2022-03-17,2022-03-22,NA
"norandino","Piura","Huancabamba","Lalaquiz",-79.6927081,-5.1764238,6,3,"octubre",2022-03-17,2022-03-22,NA
"norandino","Piura","Huancabamba","Lalaquiz",-79.6920776,-5.176292,8,8,"octubre",2022-03-17,2022-03-22,NA
"norandino","Piura","Huancabamba","Lalaquiz",-79.6940307,-5.1743562,14,7,"octubre",2022-03-17,2022-03-22,NA
"norandino","Piura","Huancabamba","Lalaquiz",-79.6982372,-5.1791466,17.14,18,"octubre",2022-03-18,2022-03-22,NA
"norandino","Piura","Huancabamba","Lalaquiz",-79.6983723,-5.1791809,40,40,"octubre",2022-03-18,2022-03-19,NA
"norandino","Piura","Huamcabamba","Lalaquiz",-79.697444,-5.1692995,10,10,"octubre",2022-03-19,2022-03-22,NA
"norandino","Piura","Huamcabamba","Lalaquiz",-79.6974279,-5.1683303,28,14,"octubre",2022-03-22,2022-03-22,NA
"norandino","Piura","Huamcabamba","Lalaquiz",-79.699167,-5.1702732,3.6231884057971,1.81159420289855,"octubre",2022-03-22,2022-03-22,NA
"norandino","Piura","Huamcabamba","Lalaquiz",-79.6875759,-5.1716537,1.44927536231884,40,"octubre",2022-03-25,2022-03-25,NA
"norandino","Piura","Huamcabamba","Lalaquiz",-79.6863522,-5.1682723,30,15,"octubre",2022-03-25,2022-03-25,NA
"norandino","Piura","Huamcabamba","Lalaquiz",-79.6867776,-5.1681415,10,5,"octubre",2022-03-25,2022-03-25,NA
"norandino","Piura","Huamcabamba","Lalaquiz",-79.687884,-5.1681877,1.81159420289855,50,"octubre",2022-03-25,2022-03-25,NA
"norandino","Piura","Huancabamba","Lalaquiz",-79.6816001,-5.1793775,30,60,"septiembre",2022-03-25,2022-03-25,2022-06-01
"norandino","Piura","Huancabamba","Lalaquiz",-79.6814684,-5.1792825,17,17,"septiembre",2022-03-25,2022-03-25,2022-03-25
"norandino","Piura","Huancabamba","Lalaquiz",-79.6804675,-5.1785124,12.5,50,"septiembre",2022-03-25,2022-03-25,2022-03-25
"norandino","Piura","Huancabamba","Lalaquiz",-79.6802883,-5.1779057,25,25,"septiembre",2022-03-25,2022-03-25,2022-03-25
"norandino","Piura","Huancabamba","Lalaquiz",-79.6806597,-5.1779058,16,40,"septiembre",2022-03-25,2022-03-25,2022-03-25
"norandino","PIURA","HUANCABAMBA","CANCHAQUE",-79.6188474,-5.2631722,15,15,"octubre",2022-03-25,2022-03-25,2019-06-20
"norandino","Piura","Huancabamba","Canchaque",-79.6191955,-5.2098786,16,40,"octubre",2022-03-22,2022-03-25,2022-05-15
"norandino","Piura","Huancabamba","Canchaque",-79.6214733,-5.2109621,17.5,35,"octubre",2022-03-22,2022-03-25,2022-05-15
"norandino","Piura","Huancabamba","Canchaque",-79.6204708,-5.2068582,2.67,8,"octubre",2022-03-22,2022-03-25,2022-05-15
"norandino","Piura","Huancabamba","Canchaque",-79.6280987,-5.2146108,8,12,"septiembre",2022-03-22,2022-03-25,2022-05-15
"norandino","Piura","Huancabamba","Canchaque",-79.6293364,-5.2128152,4,4,"octubre",2022-03-24,2022-03-25,2022-05-15
"norandino","Piura","Huancabamba","Canchaque",-79.6316195,-5.2088776,5.33,8,"octubre",2022-03-26,2022-03-25,2022-05-15
"norandino","Piura","Huancabamba","Canchaque",-79.6396589,-5.2123975,11,11,"octubre",2022-03-27,2022-03-25,2022-05-15
"norandino","Piura","Huancabamba","Canchaque",-79.6359517,-5.2085194,6,12,"septiembre",2022-03-27,2022-03-25,2022-05-15
"norandino","Piura","Huancabamba","Canchaque",-79.6270281,-5.2144664,7.5,15,"octubre",2022-03-24,2022-03-25,2022-05-15
"norandino","Piura","Huancabamba","Canchaque",-79.6270809,-5.2137764,10,15,"octubre",2022-03-24,2022-03-25,2022-05-15
"norandino","Piura","Huancabamba","Canchaque",-79.6272539,-5.2137382,10,20,"septiembre",2022-03-24,2022-03-25,2022-05-15
"norandino","Piura","Huancabamba","Canchaque",-79.6272796,-5.2133666,8.33,5,"octubre",2022-03-24,2022-03-25,2022-05-15
"norandino","Piura","Huancabamba","Canchaque",-79.6247928,-5.2137151,12,12,"septiembre",2022-03-24,2022-03-25,2022-05-15
"norandino","Piura","Huancabamba","Canchaque",-79.624444,-5.2137846,13.33,20,"septiembre",2022-03-24,2022-03-25,2022-05-15
"norandino","Piura","Huancabamba","Canchaque",-79.623829,-5.2128855,18,18,"octubre",2022-03-24,2022-03-25,2022-05-15
"norandino","Piura","Huancabamba","Canchaque",-79.6250401,-5.2271463,10.5,21,"octubre",2022-03-24,2022-03-25,2022-05-15
"norandino","Piura","Huancabamba","Canchaque",-79.6364395,-5.2263413,6.67,10,"octubre",2022-03-24,2022-03-25,2022-05-15
"norandino","Lambayeque","Lambayeque","Salas",-79.4808906,-6.1689547,10,10,"septiembre",2022-03-23,2022-03-23,2022-07-01
"norandino","Lambayeque","Lambayeque","Salas",-79.4799913,-6.1692165,4.33,13,"septiembre",2022-03-23,2022-03-23,2022-07-01
"norandino","Lambayeque","Lambayeque","Salas",-79.4820577,-6.169722,5,5,"septiembre",2022-03-23,2022-03-23,2022-03-23
"norandino","Lambayeque","Lambayeque","Salas",-79.4827357,-6.1708801,5,5,"septiembre",2022-03-23,2022-03-23,2022-07-01
"norandino","Lambayeque","Lambayeque","Salas",-79.4822795,-6.1654193,8,8,"septiembre",2022-03-23,2022-03-23,2022-07-01
"norandino","Piura","HUANCABAMBA","Canchaque",-79.6258272,-5.261804,12,12,"noviembre",2022-03-10,2022-03-26,2017-02-15
"norandino","PIURA","HUANCABAMBA","Canchaque",-79.6106671,-5.2537446,5,5,"septiembre",2022-03-14,2022-03-26,2018-03-14
"norandino","PIURA","HUANCABAMBA","CANCHAQUE",-79.6081095,-5.2534664,26,13,"octubre",2022-03-26,2022-03-26,2020-05-14
"norandino","PIURA","HUANCABAMBA","CANCHAQUE",-79.6040019,-5.2561462,15,15,"noviembre",2022-03-27,2022-03-27,2013-06-11
"norandino","PIURA","HUANCABAMBA","CANCHAQUE",-79.6048388,-5.2538089,18,18,"septiembre",2022-03-27,2022-03-27,2017-05-27
"norandino","PIURA","HUANCABAMBA","Canchaque",-79.6050407,-5.255622,10,5,"octubre",2022-03-10,2022-03-27,2018-05-05
"norandino","Piura","Huancabamba","Lalaquiz",-79.6538661,-5.2172373,14,35,"septiembre",2022-03-26,2022-03-26,2022-03-26
"norandino","Piura","Huancabamba","Lalaquiz",-79.653152,-5.2132953,6.67,10,"septiembre",2022-03-26,2022-03-26,2022-03-26
"norandino","Piura","Huancabamba","Lalaquiz",-79.6527926,-5.2121678,10,10,"septiembre",2022-03-26,2022-03-26,2022-03-26
"norandino","Piura","Huancabamba","Lalaquiz",-79.6489487,-5.2072941,7.33,11,"septiembre",2022-03-26,2022-03-26,2022-03-26
"norandino","Piura","Huancabamba","Lalaquiz",-79.6488733,-5.2072992,8.67,13,"septiembre",2022-03-26,2022-03-26,2022-03-26
"pangoa","Junín","Satipo","Pangoa",-74.3761384,-11.3703103,20,2.17391304347826,"octubre",2022-03-25,2022-03-29,2022-04-22
"pangoa","Junín","Satipo","Pangoa",-74.5181989,-11.4614213,13.33,40,"agosto",2022-03-23,2022-03-24,2022-03-22
"pangoa","Junin","Satipo","Pangoa",-74.55361,-11.5009571,5,15,"octubre",2022-03-25,2022-03-30,2022-05-20
"pangoa","Junin","Satipo","Pangoa",-74.5596014,-11.5078253,10,20,"octubre",2022-03-25,2022-03-30,2022-04-29
"pangoa","Junin","Satipo","Pangoa",-74.5504465,-11.4845923,2.86,20,"septiembre",2022-03-25,2022-03-30,2022-04-05
"pangoa","Junin","Satipo","Pangoa",-74.5639558,-11.4886199,16.67,25,"octubre",2022-03-25,2022-03-29,2022-04-30
"pangoa","Junin","Satipo","Pangoa",-74.571516,-11.4467805,6.67,20,"octubre",2022-03-30,2022-03-30,2022-04-22
"pangoa","Junín","Satipo","Pangoa",-74.5067077,-11.5661135,4.8,12,"septiembre",2022-03-22,2022-03-23,2010-03-08
"pangoa","Junín","Satipo","Pangoa",-74.4918285,-11.5529727,7.2,1.30434782608696,"octubre",2022-03-23,2022-03-23,2015-04-22
"pangoa","Junín","Satipo","Pangoa",-74.4896745,-11.5325464,16.67,50,"octubre",2022-03-23,2022-03-23,2015-03-23
"pangoa","Junín","Satipo","Pangoa",-74.4866959,-11.5338913,12.8,32,"octubre",2022-03-23,2022-03-23,2015-04-13
"pangoa","Junín","Satipo","Pangoa",-74.5677537,-11.4423608,15,30,"septiembre",2022-03-23,2022-03-23,2019-04-08
"pangoa","Junín","Satipo","Pangoa",-74.3803104,-11.4543679,5,10,"octubre",2022-03-24,2022-03-24,2021-05-03
"pangoa","Junín","Satipo","Pangoa",-74.3677364,-11.4708509,8.75,35,"agosto",2022-03-24,2022-03-24,2015-04-13
"pangoa","Junín","Satipo","Pangoa",-74.3061895,-11.3886688,6.8,17,"octubre",2022-03-25,2022-03-29,2014-04-14
"pangoa","Junín","Satipo","Pangoa",-74.3708507,-11.4756231,10.5,21,"septiembre",2022-03-24,2022-03-29,2018-04-23
"pangoa","Junín","Satipo","Pangoa",-74.3318834,-11.4075059,21,1.52173913043478,"octubre",2022-03-25,2022-03-29,2014-04-14
"pangoa","Junín","Satipo","Pangoa",-74.3375117,-11.4465138,10.67,16,"septiembre",2022-03-25,2022-03-29,2018-04-27
"pangoa","Junín","Satipo","Pangoa",-74.3426723,-11.4397267,10.47,1.61231884057971,"septiembre",2022-03-25,2022-03-30,2011-04-04
"pangoa","Junín","Satipo","Pangoa",-74.3805654,-11.4873466,7.67,23,"septiembre",2022-03-24,2022-03-29,2017-04-17
"pangoa","Junín","Satipo","Pangoa",-74.3854822,-11.4884097,4.62,30,"agosto",2022-03-24,2022-03-29,2015-04-13
"pangoa","Junín","Satipo","Pangoa",-74.3509069,-11.4453492,6,18,"septiembre",2022-03-25,2022-03-29,2016-04-11
"pangoa","Junín","Satipo","Pangoa",-74.3541257,-11.6532154,13.2,33,"agosto",2022-03-31,2022-03-31,2015-04-20
"pangoa","Junín","Satipo","Pangoa",-74.3591086,-11.6488308,8,24,"agosto",2022-03-31,2022-03-31,2017-04-10
"pangoa","Junín","Satipo","Pangoa",-74.3637316,-11.6597659,4.67,14,"agosto",2022-03-31,2022-03-31,2013-04-08
"pangoa","Junín","Satipo","Pangoa",-74.380393,-11.6167614,6.25,25,"septiembre",2022-03-31,2022-03-31,2014-04-07
"pangoa","Junín","Satipo","Pangoa",-74.3700629,-11.6490743,11.33,1.23188405797101,"agosto",2022-03-31,2022-03-31,2013-03-31
"pangoa","Junín","Satipo","Pangoa",-74.2935683,-11.5510808,22.5,2.44565217391304,"septiembre",2022-03-30,2022-03-31,2022-04-16
"pangoa","Junín","Satipo","Pangoa",-74.2931415,-11.5518958,25,2.71739130434783,"septiembre",2022-03-30,2022-03-31,2022-04-16
"pangoa","Junín","Satipo","Pangoa",-74.2904833,-11.5531677,12.5,1.35869565217391,"octubre",2022-03-30,2022-03-31,2022-04-14
"pangoa","Junín","Satipo","Pangoa",-74.2906234,-11.5576389,16.25,1.17753623188406,"octubre",2022-03-30,2022-03-31,2022-04-08
"pangoa","Junín","Satipo","Pangoa",-74.2976854,-11.54758,23.75,3.44202898550725,"septiembre",2022-03-29,2022-03-31,2022-04-13
"norandino","LAMBAYEQUE","LAMBAYEQUE","SALAS",-79.4916987,-6.1419895,11,11,"octubre",2022-03-31,2022-04-01,2016-08-17
"norandino","LAMBAYEQUE","LAMBAYEQUE","SALAS",-79.480662,-6.1666942,20,10,"noviembre",2022-04-01,2022-04-01,2018-08-26
"norandino","LAMBAYEQUE","LAMBAYEQUE","SALAS",-79.4804532,-6.1654322,5.33,8,"octubre",2022-04-01,2022-04-01,2013-08-08
"norandino","LAMBAYEQUE","LAMBAYEQUE","SOLAS",-79.4804712,-6.1642175,9,9,"octubre",2022-04-01,2022-04-01,2016-08-19
"norandino","LAMBAYEQUE","LAMBAYEQUE","SALAS",-79.4902056,-6.1413292,20,20,"octubre",2022-04-01,2022-04-01,2018-08-16
"norandino","LAMBAYEQUE","LAMBAYEQUE","SALAS",-79.4966558,-6.1410328,22,22,"octubre",2022-04-01,2022-04-01,2019-07-27
"norandino","LAMBAYEQUE","LAMBAYEQUE","SALAS",-79.4971879,-6.1408012,12,12,"septiembre",2022-04-01,2022-04-01,2018-08-23
"norandino","LAMBAYEQUE","LAMBAYEQUE","SALAS",-79.4949973,-6.1411961,12.5,25,"octubre",2022-04-01,2022-04-01,2017-09-04
"norandino","LAMBAYEQUE","LAMBAYEQUE","SALAS",-79.4955585,-6.1413355,5,5,"octubre",2022-03-31,2022-04-01,2011-07-30
"norandino","LAMBAYEQUE","LAMBAYEQUE","SALAS",-79.4938749,-6.1417814,5,10,"noviembre",2022-03-30,2022-04-01,2016-08-10
"pangoa","Junin","Satipo","Pangoa",-74.3394905,-11.4344431,6.5,39,"octubre",2022-03-25,2022-04-01,2022-04-29
"pangoa","Junin","Satipo","Pangoa",-74.323375,-11.4125566,8.89,40,"noviembre",2022-03-29,2022-04-01,2022-04-12
"pangoa","Junin","Satipo","Pangoa",-74.3212023,-11.4108923,4.5,9,"noviembre",2022-03-29,2022-04-01,2022-04-21
"pangoa","Junín","Satipo","Pangoa",-74.3253849,-11.416081,18,36,"noviembre",2022-03-29,2022-04-01,2022-04-14
"pangoa","Junín","Satipo","Pangoa",-74.3557612,-11.441527,12.25,49,"septiembre",2022-03-31,2022-04-01,2022-04-10
"pangoa","Junin","Satipo","Pangoa",-74.3756487,-11.4521606,22.5,1.6304347826087,"septiembre",2022-03-31,2022-04-01,2022-03-23
"pangoa","Junin","Satipo","Pangoa",-74.3749709,-11.4521835,16.36,45,"octubre",2022-03-31,2022-04-01,2022-03-17
"norandino","PIURA","AYABACA","JILILÍ",-79.834909,-4.5750755,10,5,"octubre",2022-03-31,2022-04-02,2022-05-15
"norandino","Piura","Ayabaca","Montero",-79.8145853,-4.6277237,4,5,"noviembre",2022-04-02,2022-04-02,2022-07-15
"norandino","Piura","Ayabaca","Montero",-79.8136322,-4.6269948,3,9,"noviembre",2022-04-02,2022-04-02,2022-07-15
"norandino","Piura","Ayabaca","Montero",-79.8370907,-4.6388662,13.33,20,"noviembre",2022-04-02,2022-04-02,2022-07-15
"norandino","Piura","Ayabaca","Montero",-79.840419,-4.6391606,10,30,"noviembre",2022-04-02,2022-04-02,2022-08-05
"norandino","Piura","Huancabamba","Lalaquiz",-79.6442456,-5.209242,30,45,"septiembre",2022-04-02,2022-04-02,2022-04-02
"norandino","Piura","Huancabamba","Lalaquiz",-79.6478381,-5.2065944,15,15,"septiembre",2022-04-02,2022-04-02,2022-04-02
"norandino","Piura","Huancabamba","Lalaquiz",-79.6485301,-5.2068226,4,4,"septiembre",2022-04-02,2022-04-02,2022-04-02
"norandino","Piura","Huancabamba","Lalaquiz",-79.6497764,-5.2056503,14.67,22,"septiembre",2022-04-02,2022-04-02,2022-04-02
"norandino","Piura","Huancabamba","Lalaquiz",-79.6495907,-5.2040238,5,10,"septiembre",2022-04-02,2022-04-02,2022-04-02
"pangoa","Junín","Satipo","Pangoa",-74.4060826,-11.6883117,16.5,1.19565217391304,"septiembre",2022-04-04,2022-04-04,2019-05-06
"pangoa","Junín","Satipo","Pangoa",-74.3602924,-11.6553606,21,42,"septiembre",2022-04-04,2022-04-04,2016-04-04
"pangoa","Junín","Satipo","Pangoa",-74.3045991,-11.3698059,31,1.68478260869565,"octubre",2022-04-01,2022-04-01,2022-05-15
"pangoa","Junín","Satipo","Pangoa",-74.300671,-11.3675194,16.67,50,"septiembre",2022-04-01,2022-04-01,2022-05-18
"pangoa","Junín","Satipo","Pangoa",-74.3011731,-11.0687935,26.43,3.35144927536232,"septiembre",2022-04-04,2022-04-04,2022-05-20
"pangoa","Junín","Satipo","Pangoa",-74.2981092,-11.3567918,21,1.90217391304348,"septiembre",2022-04-01,2022-04-04,2022-05-20
"pangoa","Junín","Satipo","Pangoa",-74.2785237,-11.3507454,21,1.90217391304348,"octubre",2022-04-01,2022-04-04,2022-04-30
"pangoa","Junin","Satipo","Pangoa",-74.4885683,-11.5666215,4.21,20,"octubre",2022-03-19,2022-04-04,2022-03-29
"pangoa","Junin","Satipo","Pangoa",-74.5504723,-11.4802234,2.73,15,"octubre",2022-03-24,2022-03-30,2022-04-06
"pangoa","Junin","Satipo","Pangoa",-74.5535125,-11.4926692,10,40,"septiembre",2022-03-25,2022-04-01,2022-04-05
"pangoa","Junin","Satipo","Pangoa",-74.5404821,-11.4566872,4.33,13,"agosto",2022-03-30,2022-03-31,2022-03-30
"pangoa","Junin","Satipo","Pangoa",-74.438662,-11.7030267,16.67,50,"octubre",2022-03-31,2022-04-04,2022-04-05
"pangoa","Junin","Satipo","Pangoa",-74.4265299,-11.6945727,10,30,"octubre",2022-03-31,2022-04-04,2022-04-13
"pangoa","Junin","Satipo","Pangoa",-74.4168092,-11.7024525,8.33,25,"octubre",2022-03-31,2022-04-04,2022-04-05
"pangoa","Junin","Satipo","Pangoa",-74.5615139,-11.5063224,1.9,20,"octubre",2022-04-04,2022-04-04,2022-04-12
"pangoa","Junín","Satipo","Pangoa",-74.2861577,-11.0152578,39.2,1.77536231884058,"septiembre",2022-04-04,2022-04-04,2022-07-10
"pangoa","Junin","Satipo","Pangoa",-74.3297726,-11.432594,11,33,"septiembre",2022-03-29,2022-04-05,2022-05-18
"pangoa","Junín","Satipo","Pangoa",-74.3402869,-11.4326239,8.84,42,"octubre",2022-04-01,2022-04-05,2022-05-13
"pangoa","Junín","Satipo","Río Tambo",-74.3002031,-11.1055361,10,40,"septiembre",2022-04-04,2022-04-04,NA
"pangoa","Junin","Satipo","Pangoa",-74.2828369,-11.3823247,23.53,3.6231884057971,"octubre",2022-04-05,2022-04-05,2022-05-04
"pangoa","Junín","Satipo","Pangoa",-74.299478,-11.3731098,14,35,"septiembre",2022-04-05,2022-04-05,2022-04-22
"pangoa","Junín","Satipo","Pangoa",-74.3025476,-11.370426,30,2.17391304347826,"septiembre",2022-04-05,2022-04-05,2022-04-21
"pangoa","Junín","Satipo","Pangoa",-74.3037551,-11.3920381,28.89,2.35507246376812,"septiembre",2022-04-05,2022-04-05,2022-04-08
"pangoa","Junín","Satipo","Pangoa",-74.2790839,-11.379644,22.43,2.84420289855072,"octubre",2022-04-05,2022-04-05,2015-04-20
"pangoa","Junín","Satipo","Pangoa",-74.2796287,-11.3819924,26.67,1.44927536231884,"octubre",2022-04-05,2022-04-05,2017-05-01
"norandino","LAMBAYEQUE","LAMBAYEQUE","SALAS",-79.4979596,-6.1409527,5,10,"septiembre",2022-04-01,2022-04-05,2011-07-28
"norandino","LAMBAYEQUE","LAMBAYEQUE","SALAS",-79.4983397,-6.1402329,15,15,"octubre",2022-04-01,2022-04-05,2018-08-25
"norandino","LAMBAYEQUE","LAMBAYEQUE","SALAS",-79.4832545,-6.1444848,23.33,7,"septiembre",2022-04-05,2022-04-05,2016-07-30
"norandino","LAMBAYEQUE","LAMBAYEQUE","SALAS",-79.4846365,-6.1401858,22,22,"septiembre",2022-04-05,2022-04-05,2017-08-31
"norandino","LAMBAYEQUE","LAMBAYEQUE","SALAS",-79.4832959,-6.13556,20,20,"octubre",2022-04-05,2022-04-05,2017-08-24
"pangoa","Junín","Satipo","Pangoa",-74.2795889,-11.3502771,1.5036231884058,1.5036231884058,"octubre",2022-04-01,2022-04-01,2022-04-20
"pangoa","Junin","Satipo","Pangoa",-74.2790705,-11.3518698,24,2.17391304347826,"septiembre",2022-04-01,2022-04-01,2022-04-21
"pangoa","Junin","Satipo","Pangoa",-74.2960789,-11.3686806,16,1.44927536231884,"septiembre",2022-04-01,2022-04-02,2022-04-01
"pangoa","Junin","Satipo","Rio Tambo",-74.2940606,-11.0693096,2,20,"octubre",2022-04-04,2022-04-04,2022-05-05
"pangoa","Junín","Satipo","Rio Tambo",-74.3077496,-11.0984066,17.78,1.44927536231884,"octubre",2022-04-04,2022-04-04,2022-05-03
"pangoa","Junín","Satipo","Pangoa",-74.3151347,-11.3415487,22,1.99275362318841,"octubre",2022-04-05,2022-04-05,2022-04-23
"pangoa","Junín","Satipo","Pangoa",-74.4403885,-11.2994429,12.5,50,"octubre",2022-04-05,2022-04-05,2022-04-29
"pangoa","Junín","Satipo","Pangoa",-74.4406956,-11.3005709,20.33,1.10507246376812,"octubre",2022-04-05,2022-04-05,2022-05-05
"pangoa","Junín","Satipo","Pangoa",-74.4403191,-11.3020728,24.29,1.53985507246377,"octubre",2022-04-05,2022-04-05,2022-05-05
"pangoa","Junín","Satipo","Pangoa",-74.4385456,-11.3051655,15,45,"octubre",2022-04-05,2022-04-05,2022-04-30
"pangoa","Junín","Satipo","Pangoa",-74.3149798,-11.3251894,19.6,1.77536231884058,"octubre",2022-04-05,2022-04-06,2022-05-05
"pangoa","Junín","Satipo","Pangoa",-74.3159789,-11.3385452,11.67,35,"octubre",2022-04-05,2022-04-06,2022-04-30
"pangoa","Junín","Satipo","Pangoa",-74.3160888,-11.3401018,20,2.53623188405797,"octubre",2022-04-05,2022-04-06,2022-04-30
"pangoa","Junín","Satipo","Pangoa",-74.3139087,-11.3202172,20,3.26086956521739,"octubre",2022-04-05,2022-04-06,2022-05-06
"pangoa","Junín","Satipo","Pangoa",-74.3142484,-11.3227685,21.43,2.71739130434783,"octubre",2022-04-05,2022-04-06,2022-05-07
"pangoa","Junín","Satipo","Pangoa",-74.3339122,-11.3077401,17.5,35,"octubre",2022-04-05,2022-04-06,2022-05-05
"pangoa","Junín","Satipo","Pangoa",-74.3335136,-11.3093599,17,51,"octubre",2022-04-05,2022-04-06,2022-05-14
"pangoa","Junín","Satipo","Pangoa",-74.3231608,-11.3266587,21.67,2.35507246376812,"octubre",2022-04-05,2022-04-06,2022-05-05
"pangoa","Junín","Satipo","Pangoa",-74.3219433,-10.9978661,22.38,4.25724637681159,"octubre",2022-04-04,2022-04-06,2022-05-21
"pangoa","Junín","Satipo","Pangoa",-74.3207873,-11.5503107,21,1.90217391304348,"octubre",2022-03-30,2022-04-06,2022-05-06
"pangoa","Junín","Satipo","Pangoa",-74.2907252,-11.5530263,20,3.80434782608696,"septiembre",2022-03-30,2022-04-06,2022-04-15
"pangoa","Junín","Satipo","Pangoa",-74.3711943,-11.3597781,51,1.84782608695652,"octubre",2022-03-29,2022-04-06,2022-04-30
"pangoa","Junín","Satipo","Pangoa",-74.3830933,-11.3524676,25.71,1.6304347826087,"octubre",2022-03-29,2022-04-06,2022-04-30
"pangoa","Junín","Satipo","Pangoa",-74.3618009,-11.3525291,21.67,2.35507246376812,"septiembre",2022-03-29,2022-04-06,2022-04-30
"pangoa","Junín","Satipo","Pangoa",-74.3862983,-11.3503691,22,1.99275362318841,"octubre",2022-03-25,2022-04-06,2022-04-30
"pangoa","Junín","Satipo","Pangoa",-74.3906328,-11.3572253,14.44,1.17753623188406,"octubre",2022-03-25,2022-04-06,2022-04-30
"pangoa","Junín","Satipo","Pangoa",-74.3891993,-11.3557896,26,1.17753623188406,"octubre",2022-03-25,2022-04-06,2022-05-04
"pangoa","Junín","Satipo","Pangoa",-74.3625301,-11.3540604,25,1.35869565217391,"octubre",2022-03-25,2022-04-06,2022-05-12
"pangoa","Junín","Satipo","Pangoa",-74.3895779,-11.3472963,10.29,18,"septiembre",2022-03-25,2022-04-06,2022-04-30
"pangoa","Junín","Satipo","Pangoa",-74.3848246,-11.3737854,21,1.90217391304348,"octubre",2022-03-25,2022-04-06,2022-04-30
"pangoa","Junin","Satipo","Pangoa",-74.3013858,-11.3823963,2.27,25,"octubre",2022-04-05,2022-04-06,2022-05-09
"pangoa","Junin","Satipo","Pangoa",-74.3011916,-11.3854649,6,30,"octubre",2022-04-05,2022-04-06,2022-04-11
"pangoa","Junin","Satipo","Pangoa",-74.3055463,-11.3850661,11,22,"octubre",2022-04-05,2022-04-05,2022-04-12
"norandino","Piura","Huamcabamba","Lalaquiz",-79.6968325,-5.1661777,18,9,"octubre",2022-04-06,2022-04-06,NA
"norandino","Piura","Huamcabamba","Lalaquiz",-79.6963863,-5.1671133,7.5,15,"octubre",2022-04-06,2022-04-06,NA
"norandino","Piura","Huamcabamba","Lalaquiz",-79.6969861,-5.1688499,8,8,"octubre",2022-04-06,2022-04-06,NA
"norandino","Piura","Huamcabamba","Lalaquiz",-79.6978706,-5.1694959,20,40,"octubre",2022-04-06,2022-04-06,NA
"norandino","Piura","Huamcabamba","Lalaquiz",-79.6968684,-5.1685594,7.5,15,"octubre",2022-04-06,2022-04-07,NA
"norandino","Piura","Huamcabamba","Lalaquiz",-79.6889617,-5.1717453,1.26811594202899,1.26811594202899,"octubre",2022-04-07,2022-04-07,NA
"norandino","Piura","Huamcabamba","Lalaquiz",-79.6889712,-5.1705015,15,30,"octubre",2022-04-07,2022-04-07,NA
"pangoa","Junin","Satipo","Pangoa",-74.491103,-11.4263181,8,24,"octubre",2022-04-07,2022-04-07,2016-05-18
"pangoa","Junin","Satipo","Pangoa",-74.491052,-11.4263307,17.5,2.53623188405797,"octubre",2022-04-07,2022-04-07,2013-05-02
"pangoa","Junin","Satipo","Pangoa",-74.4911048,-11.4263224,11.25,45,"octubre",2022-04-07,2022-04-07,2013-05-15
"norandino","Piura","Huancabamba","Lalaquiz",-79.6537542,-5.2162045,10,30,"septiembre",2022-04-07,2022-04-07,2022-04-07
"norandino","Piura","Huancabamba","Lalaquiz",-79.652509,-5.2167166,15,30,"septiembre",2022-04-07,2022-04-07,2022-04-07
"norandino","Piura","Huancabamba","Lalaquiz",-79.6524821,-5.2167043,10,20,"septiembre",2022-04-07,2022-04-07,2022-04-07
"norandino","Piura","Huancabamba","Lalaquiz",-79.650305,-5.2134074,15,15,"septiembre",2022-04-07,2022-04-07,2022-04-07
"norandino","Piura","Huancabamba","Lalaquiz",-79.6512123,-5.2079991,3.33,5,"septiembre",2022-04-07,2022-04-07,2022-04-07
"norandino","Piura","Huancabamba","Lalaquiz",-79.6468029,-5.198722,13.5,54,"septiembre",2022-04-08,2022-04-08,2022-04-08
"aprocassi","Cajamarca","San Ignacio","Chirinos",-78.9324007,-5.2354355,20,60,"octubre",2022-05-10,2022-05-10,NA
"aprocassi","Cajamarca","San Ignacio","Chirinos",-78.9351031,-5.2324787,24,42,"octubre",2022-05-10,2022-05-11,NA
"aprocassi","Cajamarca","San Ignacio","Chirinos",-78.9343095,-5.2300465,18,9,"octubre",2022-05-10,2022-05-11,NA
"aprocassi","Cajamarca","San Ignacio","San Ignacio",-79.005153,-5.1151689,15,30,"noviembre",2022-04-30,2022-04-30,2022-04-06
"aprocassi","Cajamarca","San Ignacio","San José de Lourdes",-78.8436783,-5.1835517,40.8,1.84782608695652,"septiembre",2022-05-02,2022-05-07,NA
"aprocassi","Cajamarca","San Ignacio","San José de Lourdes",-78.8415718,-5.1829431,2.46376811594203,2.46376811594203,"octubre",2022-05-02,2022-05-07,NA
"aprocassi","Cajamarca","San Ignacio","San José de Lourdes",-78.839453,-5.1818978,NA,2.89855072463768,"octubre",2022-05-02,2022-05-07,NA
"aprocassi","Cajamarca","San Ignacio","San José de Lourdes",-78.8393571,-5.1818064,NA,30,"octubre",2022-05-02,2022-05-07,NA
"aprocassi","Cajamarca","San Ignacio","San José de Lourdes",-78.8441288,-5.1850922,NA,24,"septiembre",2022-05-02,2022-05-09,NA
"aprocassi","Cajamarca","San Ignacio","San José de Lourdes",-78.8433907,-5.1837175,NA,26,"septiembre",2022-05-02,2022-05-09,NA
"aprocassi","Cajamarca","San Ignacio","San Ignacio",-79.0646283,-5.1451772,NA,50,"octubre",2022-05-03,2022-05-03,NA
"aprocassi","Cajamarca","San Ignacio","San Ignacio",-79.055308,-5.1500847,NA,40,"octubre",2022-05-03,2022-05-11,NA
"aprocassi","Cajamarca","San Ignacio","San Ignacio",-79.0540726,-5.1529349,NA,50,"octubre",2022-05-03,2022-05-03,NA
"aprocassi","Cajamarca","San Ignacio","San Ignacio",-79.0539612,-5.1530156,NA,20,"octubre",2022-05-03,2022-05-11,NA
"aprocassi","Cajamarca","San Ignacio","San Ignacio",-79.0341744,-5.0278396,NA,25,"octubre",2022-05-04,2022-05-04,2012-05-04
"aprocassi","Cajamarca","San Ignacio","San Ignacio",-79.0334276,-5.0268255,NA,32,"octubre",2022-05-04,2022-05-04,2017-05-04
"aprocassi","Cajamarca","San Ignacio","San José de Lourdes",-78.8333891,-5.1744219,NA,25,"octubre",2022-05-02,2022-05-11,NA
"aprocassi","Cajamarca","San Ignacio","San Ignacio",-79.0694297,-5.1470327,NA,20,"septiembre",2022-05-03,2022-05-11,NA
"aprocassi","Cajamarca","San Ignacio","San Ignacio",-79.0521836,-5.1488452,NA,40,"septiembre",2022-05-03,2022-05-11,NA
"aprocassi","Cajamarca","San Ignacio","San Ignacio",-79.0525383,-5.1481288,NA,20,"septiembre",2022-05-03,2022-05-11,NA
"aprocassi","Cajamarca","San Ignacio","San Ignacio",-79.0580346,-5.1457078,NA,25,"octubre",2022-05-03,2022-05-11,NA
"aprocassi","Cajamarca","San ignacio","San ignacio",-79.0474414,-5.0306925,NA,45,"septiembre",2022-05-04,2022-05-07,NA
"aprocassi","Cajamarca","San ignacio","San ignacio",-79.0463288,-5.0389139,NA,1.44927536231884,"septiembre",2022-05-04,2022-05-04,NA
"aprocassi","Cajamarca","San Ignacio","San Jose de Louerdes",-78.8455911,-5.1821272,NA,30,"octubre",2022-05-02,2022-05-05,2022-05-02
"aprocassi","Cajamarca","San Ignacio","San José de Lourdes",-78.844439,-5.1821596,NA,20,"octubre",2022-05-02,2022-05-02,2022-05-02
"aprocassi","Cajamarca","San Ignacio","San José de Lourdes",-78.8464988,-5.180502,NA,25,"octubre",2022-05-02,2022-05-02,2017-04-05
"aprocassi","Cajamarca","San Ignacio","San José de Lourdes",-78.8472587,-5.1813481,NA,31,"octubre",2022-05-02,2022-05-02,2013-03-06
"aprocassi","Cajamarca","San Ignacio","San José de Lourdes",-78.8479747,-5.1823076,NA,20,"octubre",2022-05-02,2022-05-02,2012-03-07
"aprocassi","Cajamarca","San Ignacio","San Ignacio",-79.0585436,-5.1453317,NA,20,"noviembre",2022-05-03,2022-05-03,2020-06-02
"aprocassi","Cajamarca","San Ignacio","San Ignacio",-79.0561469,-5.1476958,NA,22,"noviembre",2022-05-03,2022-05-03,2012-05-03
"aprocassi","Cajamarca","San Ignacio","San Ignacio",-79.0551503,-5.1494693,NA,32,"noviembre",2022-05-03,2022-05-03,2016-07-07
"aprocassi","Cajamarca","San Ignacio","San Ignacio",-79.0543957,-5.1513339,NA,30,"noviembre",2022-05-03,2022-05-04,2020-05-28
"aprocassi","Cajamarca","San Ignacio","San José de Lourdes",-78.8462777,-5.1797457,NA,30,"octubre",2022-05-02,2022-05-02,NA
"aprocassi","Cajamarca","San Ignacio","San José de Lourdes",-78.8344375,-5.1756051,NA,30,"agosto",2022-05-02,2022-05-09,2022-03-21
"aprocassi","Cajamarca","San Ignacio","San Ignacio",-79.0491585,-5.0956486,NA,30,"septiembre",2022-05-09,2022-05-09,2022-04-14
"aprocassi","Cajamarca","San Ignacio","San Ignacio",-79.0486816,-5.0947529,NA,25,"septiembre",2022-05-09,2022-05-14,2022-04-20
"aprocassi","Cajamarca","San Ignacio","San Ignacio",-79.0494869,-5.0878079,NA,20,"septiembre",2022-05-09,2022-05-09,2022-04-20
"aprocassi","Cajamarca","San Ignacio","San Ignacio",-79.0515308,-5.0858243,NA,1.81159420289855,"septiembre",2022-05-09,2022-05-14,NA
"aprocassi","Cajamarca","San Ignacio","San Ignacio",-79.0442319,-5.1080679,NA,30,"septiembre",2022-05-09,2022-05-14,NA
"aprocassi","Cajamarca","San Ignacio","San Ignacio",-79.0516816,-5.0562296,NA,41,"septiembre",2022-05-04,2022-05-11,2022-04-12
"aprocassi","Cajamarca","San Ignacio","San Ignacio",-79.0494641,-5.0414651,NA,30,"octubre",2022-05-04,2022-05-11,2022-04-12
"aprocassi","Cajamarca","San Ignacio","San Ignacio",-79.0491249,-5.0425275,NA,10,"septiembre",2022-05-04,2022-05-11,NA
"aprocassi","Cajamarca","San ignacio","San Jose de Lourdes",-78.8773187,-5.1874254,NA,1.44927536231884,"septiembre",2022-05-05,2022-05-07,NA
"aprocassi","Cajamarca","San ingacio","Sanjose de lourdes",-78.8635651,-5.1993813,NA,30,"septiembre",2022-05-05,2022-05-17,NA
"aprocassi","Cajamarca","San ignacio","San ignacio",-79.0465913,-5.0886497,NA,40,"octubre",2022-05-09,2022-05-11,NA
"aprocassi","Cajamarca","San Ignacio","San Jose de Lourdes",-78.8619476,-5.2013349,NA,30,"agosto",2022-05-05,2022-05-11,NA
"aprocassi","Cajamarca","San Ignacio","San Jose de Lourdes",-78.8633482,-5.2004749,NA,40,"septiembre",2022-05-05,2022-05-11,2022-04-26
"aprocassi","Cajamarca","San Ignacio","San Jose de Lourdes",-78.8633035,-5.2004556,NA,40,"octubre",2022-05-05,2022-05-11,NA
"aprocassi","Cajamarca","San Ignacio","San jose de lourdes",-78.866124,-5.1994813,NA,2.17391304347826,"septiembre",2022-05-05,2022-05-11,NA
"aprocassi","Cajamarca","San ignacio","San ignacio",-79.0344294,-5.0534925,NA,25,"septiembre",2022-05-09,2022-05-09,NA
"aprocassi","Cajamarca","San ignacio","Chirinos",-78.9030268,-5.2272572,NA,20,"octubre",2022-05-10,2022-05-11,NA
"aprocassi","Cajamarca","San ignacio","San jose de lourdes",-78.863295,-5.2011816,NA,1.44927536231884,"septiembre",2022-05-05,2022-05-11,NA
"aprocassi","Cajamarca","San ignacio","San jose de lourdes",-78.8644888,-5.1971984,NA,1.41304347826087,"septiembre",2022-05-05,2022-05-11,NA
"aprocassi","Cajamarca","San ignacio","San ignacio",-79.0458106,-5.0657619,NA,50,"octubre",2022-05-09,2022-05-11,NA
"aprocassi","Cajamarca","San ignacio","Chirinos",-78.9160683,-5.2343807,NA,30,"septiembre",2022-05-10,2022-05-11,NA
"aprocassi","Cajamarca","San ignacio","Chirinos",-78.9155202,-5.2349994,NA,40,"septiembre",2022-05-10,2022-05-11,NA
"aprocassi","Cajamarca","San ignacio","Chirinos",-78.9177952,-5.229281,NA,40,"octubre",2022-05-10,2022-05-11,NA
"aprocassi","Cajamarca","San ignacio","Chirinos",-78.9211135,-5.2300466,NA,45,"octubre",2022-05-10,2022-05-11,NA
"aprocassi","Cajamarca","San ignacio","Chirinos",-78.9171421,-5.2267236,NA,40,"octubre",2022-05-10,2022-05-11,NA
"aprocassi","Cajamarca","San Ignacio","San Ignacio",-79.0628842,-5.1374699,NA,1.6304347826087,"octubre",2022-05-11,2022-05-17,2022-06-14
"aprocassi","Cajamarca","San Ignacio","San Ignacio",-79.0602948,-5.1367356,NA,1.6304347826087,"noviembre",2022-05-11,2022-05-17,NA
"aprocassi","Cajamarca","San Ignacio","San Ignacio",-79.0369084,-5.0258953,NA,35,"septiembre",2022-05-04,2022-05-11,2019-04-10
"aprocassi","Cajamarca","San Ignacio","San Ignacio",-79.0334305,-5.0268171,NA,28,"octubre",2022-05-04,2022-05-11,2016-04-06
"aprocassi","Cajamarca","San Ignacio","San José de Lourdes",-78.8583399,-5.2066329,NA,50,"octubre",2022-05-05,2022-05-11,2016-04-07
"aprocassi","Cajamarca","San Ignacio","San José de Lourdes",-78.8585467,-5.2060229,NA,30,"octubre",2022-05-05,2022-05-11,2016-04-13
"aprocassi","Cajamarca","San Ignacio","San José de Lourdes",-78.8660392,-5.2014271,NA,60,"octubre",2022-05-05,2022-05-11,2016-04-15
"aprocassi","Cajamarca","San Ignacio","San José de Lourdes",-78.8648483,-5.2019168,NA,56,"septiembre",2022-05-05,2022-05-11,2015-04-08
"aprocassi","Cajamarca","San Ignacio","San José de Lourdes",-78.866615,-5.1986259,NA,28,"septiembre",2022-05-05,2022-05-11,2016-04-13
"aprocassi","Cajamarca","San Ignacio","San Ignacio",-79.0432248,-5.1334522,NA,35,"agosto",2022-05-23,2022-05-23,NA
"aprocassi","Cajamarca","San Ignacio","San Ignacio",-79.0837241,-5.0958985,NA,1.6304347826087,"agosto",2022-05-23,2022-05-23,NA
"aprocassi","Cajamarca","San Ignacio","San Ignacio",-79.082424,-5.0937121,NA,40,"agosto",2022-05-23,2022-05-23,NA
"aprocassi","Cajamarca","San Ignacio","San Ignacio",-79.075407,-5.0989704,NA,1.26811594202899,"agosto",2022-05-23,2022-05-23,NA
"aprocassi","Cajamarca","San Ignacio","San Ignacio",-79.0606297,-5.0949784,NA,1.44927536231884,"septiembre",2022-05-24,2022-05-24,NA
"aprocassi","Cajamarca","San Ignacio","Namballe",-79.0805357,-5.070672,NA,2.17391304347826,"agosto",2022-05-24,2022-05-24,NA
"aprocassi","Cajamarca","San Ignacio","Namballe",-79.0862649,-5.0596489,NA,20,"agosto",2022-05-24,2022-05-24,NA
"aprocassi","Cajamarca","San Ignacio","San Ignacio",-79.0721347,-5.0795239,NA,20,"septiembre",2022-05-23,2022-05-26,NA
"aprocassi","Cajamarca","San Ignacio","San Ignacio",-79.0715655,-5.0854987,NA,50,"octubre",2022-05-23,2022-05-26,NA
"aprocassi","Cajamarca","San Ignacio","San Ignacio",-79.0790969,-5.0896113,NA,33,"septiembre",2022-05-23,2022-05-26,NA
"aprocassi","Cajamarca","San Ignacio","San Ignacio",-79.0742496,-5.0927301,NA,52,"octubre",2022-05-23,2022-05-26,NA
"aprocassi","Cajamarca","San Ignacio","San Ignacio",-79.0759844,-5.0983287,NA,30,"septiembre",2022-05-23,2022-05-26,NA
"aprocassi","Cajamarca","San Ignacio","San Ignacio",-79.0852031,-5.1405421,NA,6.48550724637681,"octubre",2022-05-20,2022-05-26,NA
"aprocassi","Cajamarca","San Ignacio","San Ignacio",-79.1010175,-5.1425399,NA,52,"octubre",2022-05-20,2022-05-26,NA
"aprocassi","Cajamarca","San Ignacio","San Ignacio",-79.1006026,-5.1382703,NA,19,"octubre",2022-05-20,2022-05-26,NA
"aprocassi","Cajamarca","San Ignacio","San Ignacio",-79.0986166,-5.1360548,NA,24,"octubre",2022-05-20,2022-05-26,NA
"aprocassi","Cajamarca","San Ignacio","San Ignacio",-79.0924952,-5.1379556,NA,3.6231884057971,"octubre",2022-05-20,2022-05-26,NA
"aprocassi","Cajamarca","San Ignacio","Namballe",-79.0898633,-5.043481,NA,11,"agosto",2022-05-24,2022-05-28,NA
"pangoa","Junin","Satipo","Pangoa",-74.4689161,-11.5602406,NA,7,"agosto",2022-06-08,2022-06-08,2013-05-21
"pangoa","Junin","Satipo","Pangoa",-74.4434741,-11.6919344,NA,30,"septiembre",2022-06-14,2022-06-14,2017-04-18
"pangoa","Junin","Satipo","Pangoa",-74.4265502,-11.6995145,NA,33,"octubre",2022-06-14,2022-06-14,2014-04-25
"pangoa","Junin","Satipo","Pangoa",-74.4130256,-11.7419568,NA,51,"octubre",2022-06-14,2022-06-14,2016-04-18
"pangoa","Junin","Satipo","Pangoa",-74.5000884,-11.5650044,NA,18,"septiembre",2022-06-15,2022-06-16,2016-04-18
"pangoa","Junín","Satipo","PANGOA",-74.49967,-11.5670012,NA,27,"septiembre",2022-06-15,2022-06-15,2014-05-05
"pangoa","Junin","Satipo","Pangoa",-74.4933968,-11.5497476,NA,26,"septiembre",2022-06-15,2022-06-15,2014-05-07
"pangoa","Junin","Satipo","Mazamari",-74.3160364,-11.3385927,NA,60,"octubre",2022-06-16,2022-06-16,2016-04-18
"pangoa","Junín","Satipo","Mazamari",-74.2973863,-11.3424278,NA,2.69927536231884,"octubre",2022-06-16,2022-06-16,2014-04-15
"pangoa","Junín","Satipo","Mazamari",-74.2981792,-11.3402811,NA,24,"septiembre",2022-06-16,2022-06-16,2016-04-18
"pangoa","Huancavelica","Pampas","Colcabamba",-74.5034265,-11.5641022,NA,7,"noviembre",2022-06-07,2022-06-20,2022-06-07
"pangoa","Junin","Satipo","Pangoa",-74.5070751,-11.5654882,NA,24,"noviembre",2022-06-07,2022-06-20,2022-05-31
"pangoa","Huancavelica","Tallacaja","Sulcobamba",-74.4941115,-11.5465534,NA,33,"octubre",2022-06-08,2022-06-20,2022-05-10
"pangoa","Junin","Junin","Santo Domingo de Acobamba",-74.4934349,-11.5513307,NA,20,"agosto",2022-06-08,2022-06-08,2022-05-02
"pangoa","Junín","Huancayo","Santo Domingo de Acobamba",-74.499162,-11.5511031,NA,12,"septiembre",2022-06-08,2022-06-08,2022-05-11
"pangoa","Junin 
","Satipo 
","Pangoa",-74.4535848,-11.7181843,NA,6,"enero",2022-06-15,2022-06-15,2022-06-13
"pangoa","Junin","Satipo","Mazamari",-74.3091552,-11.3461399,NA,15,"septiembre",2022-06-16,2022-06-16,2022-06-01
"pangoa","Junin","Satipo","Pangoa",-74.3017443,-11.3386667,NA,15,"marzo",2022-06-16,2022-06-19,2022-06-02
"pangoa","Junin","Satipo","Pangoa",-74.4229875,-11.72044,NA,33,"agosto",2022-06-15,2022-06-20,2022-05-27
"pangoa","Junin","Satipo","Pangoa",-74.517673,-11.4810665,NA,33,"agosto",2022-06-11,2022-06-20,2022-05-30
"pangoa","Junin","Satipo","Pangoa",-74.4138107,-11.6850307,NA,35,"marzo",2022-06-15,2022-06-20,2022-05-25
"pangoa","Junín","Satipo","Pangoa",-74.389919,-11.3594481,NA,50,"septiembre",2022-06-22,2022-06-24,2022-04-23
"pangoa","Junín","Satipo","Pangoa",-74.3882091,-11.3593951,NA,1.44927536231884,"septiembre",2022-06-22,2022-06-24,2022-04-22
"pangoa","Junín","Satipo","Pangoa",-74.3810025,-11.3557105,NA,38,"septiembre",2022-06-22,2022-06-24,2022-04-14
"pangoa","Junín","Satipo","Pangoa",-74.3842781,-11.3755315,NA,1.6304347826087,"septiembre",2022-06-22,2022-06-24,2022-04-12
"pangoa","Junín","Satipo","Pangoa",-74.3723298,-11.3598002,NA,1.25,"septiembre",2022-06-22,2022-06-24,2022-04-13
"pangoa","Junín","Satipo","Pangoa",-74.3138358,-11.3452876,NA,60,"septiembre",2022-06-22,2022-06-27,2022-04-15
"pangoa","Junín","Satipo","Pangoa",-74.3233234,-11.3406325,NA,2.35507246376812,"septiembre",2022-06-22,2022-06-27,2022-04-13
"pangoa","Junín","Satipo","Pangoa",-74.3072007,-11.3231288,NA,4.16666666666667,"septiembre",2022-06-22,2022-06-27,2022-04-15
"pangoa","Junín","Satipo","Pangoa",-74.3062388,-11.3265125,NA,55,"septiembre",2022-06-22,2022-06-27,2022-04-14
"chirinos","CJAMARCA","SAN IGNACIO","CHIRINOS",-78.8873017,-5.2816411,NA,15,"noviembre",2022-07-25,2022-07-25,2018-07-25
"chirinos","Cajamarca","San Ignacio","Chirinos",-78.8751317,-5.3249333,NA,25,"septiembre",2022-07-27,2022-07-27,2022-07-27
"chirinos","Cajamarca","San Ignacio","Chirinos",-78.8767083,-5.3229367,NA,30,"septiembre",2022-07-27,2022-07-27,NA
"chirinos","Cajamarca","San Ignacio","Chirinos",-78.881745,-5.317365,NA,1.44927536231884,"septiembre",2022-07-27,2022-07-27,NA
"chirinos","Cajamarca","San Ignacio","Chirinos",-78.8852383,-5.318735,NA,35,"noviembre",2022-07-27,2022-07-28,NA
"chirinos","Cajamarca","San Ignacio","Chirinos",-78.88334,-5.3207417,NA,30,"septiembre",2022-07-30,2022-07-30,2015-07-30
"chirinos","Cajamarca","San Ignacio","Chirinos",-78.8845433,-5.319525,NA,25,"septiembre",2022-07-30,2022-07-30,2017-07-30
"chirinos","Cajamarca","San Ignacio","Chirinos",-78.8969033,-5.307555,NA,1.6304347826087,"septiembre",2022-07-30,2022-07-30,2018-07-30
"chirinos","Cajamarca","San Ignacio","Chirinos",-78.8823087,-5.2920804,NA,50,"septiembre",2022-07-25,2022-08-01,2022-04-04
"chirinos","Cajamarca","San Ignacio","Chirinos",-78.89088,-5.3150117,NA,25,"septiembre",2022-08-01,2022-08-01,2022-04-15
"chirinos","CAJAMARCA","SAN IGNACIO","LA COIPA",-79.01096,-5.3517717,NA,1.6304347826087,"septiembre",2022-07-28,2022-07-28,2018-04-10
"chirinos","CAJAMARCA","SAN IGNACIO","LA COIPA",-79.0207777,-5.3386446,NA,6,"octubre",2022-07-28,2022-07-29,2020-04-01
"chirinos","CAJAMARCA","SAN IGNACIO","LA COIPA",-79.0041214,-5.39571,NA,25,"octubre",2022-07-27,2022-07-27,2017-07-27
"chirinos","CAJAMARCA","SAN IGNACIO","LA COIPA",-79.0053731,-5.3963435,NA,1.53985507246377,"octubre",2022-07-27,2022-07-28,2018-07-27
"chirinos","CAJAMARCA","SAN IGNACIO","LA COIPA",-79.0212591,-5.3552513,NA,18,"octubre",2022-07-29,2022-07-29,2014-03-04
"chirinos","CAJAMARCA","SAN IGNACIO","LA COIPA",-79.0209795,-5.3554116,NA,1.72101449275362,"septiembre",2022-07-29,2022-07-29,2016-03-01
"chirinos","CAJAMARCA","SAN IGNACIO","LA COIPA",-78.997373,-5.4120648,NA,50,"agosto",2022-07-27,2022-07-28,2019-07-27
"chirinos","CAJAMARCA","SAN IGNACIO","LA COIPA",-79.0056198,-5.3973134,NA,2.71739130434783,"agosto",2022-07-27,2022-07-27,2013-07-27
"chirinos","CAJAMARCA","SAN IGNACIO","LA COIPA",-79.0050832,-5.3972775,NA,30,"octubre",2022-07-27,2022-07-27,2010-07-27
"chirinos","CAJAMARCA","SAN IGNACIO","LA COIPA",-79.0099234,-5.3822673,NA,35,"octubre",2022-07-28,2022-07-28,2018-07-02
"chirinos","CAJAMARCA","SAN IGNACIO","LA COIPA",-79.0197533,-5.3624941,NA,50,"octubre",2022-07-28,2022-07-31,2019-07-28
"chirinos","CAJAMARCA","SAN IGNACIO","LA COIPA",-79.0060574,-5.3514577,NA,2.53623188405797,"octubre",2022-07-28,2022-07-28,2019-03-01
"chirinos","CAJAMARCA","SAN IGNACIO","LA COIPA",-79.0194761,-5.3341394,NA,1.17753623188406,"octubre",2022-07-28,2022-07-28,2018-02-01
"chirinos","Cajamarca","San Ignacio","Chirinos",-78.8759758,-5.3238195,NA,1.17753623188406,"octubre",2022-07-27,2022-08-03,2010-07-27
"chirinos","Cajamarca","San Ignacio","Chirinos",-78.8809308,-5.3205825,NA,2.17391304347826,"octubre",2022-07-27,2022-07-27,2017-04-20
"chirinos","Cajamarca","San Ignacio","Chirinos",-78.9035417,-5.3050017,NA,40,"septiembre",2022-08-02,2022-08-02,2022-08-02
"chirinos","Cajamarca","San Ignacio","Chirinos",-78.8840269,-5.3129623,NA,20,"septiembre",2022-08-01,2022-08-02,2022-06-16
"chirinos","Cajamarca","San Ignacio","Chirinos",-78.882414,-5.313808,NA,30,"octubre",2022-08-01,2022-08-03,2022-06-16
"chirinos","Cajamarca","San Ignacio","Chirinos",-78.8862994,-5.3154831,NA,25,"septiembre",2022-08-01,2022-08-07,2022-06-09
"chirinos","Cajamarca","San Ignacio","Chirinos",-78.9003453,-5.3043997,NA,22,"noviembre",2022-08-02,2022-08-04,2022-08-02
"chirinos","Cajamarca","San Ignacio","Chirinos",-78.9095231,-5.2995783,NA,10,"septiembre",2022-08-03,2022-08-07,2022-06-02
"chirinos","Cajamarca","San Ignacio","Chirinos",-78.9212451,-5.3202428,NA,35,"septiembre",2022-08-03,2022-08-07,2022-06-16
"chirinos","Cajamarca","San Ignacio","Chirinos",-78.9382343,-5.3227816,NA,30,"agosto",2022-08-03,2022-08-07,2022-08-03
"chirinos","Cajamarca","San Ignacio","Chirinos",-78.9389366,-5.327339,NA,1.26811594202899,"septiembre",2022-08-03,2022-08-07,2022-06-02
"chirinos","Cajamarca","San Ignacio","Chirinos",-78.9493985,-5.2977189,NA,10,"noviembre",2022-08-04,2022-08-07,NA
"chirinos","Cajamarca","San Ignacio","Chirinos",-78.9198644,-5.2908623,NA,25,"noviembre",2022-08-02,2022-08-07,2022-07-22
"chirinos","Cajamarca","San Ignacio","Chirinos",-78.9691742,-5.2879881,NA,0,"septiembre",2022-08-04,2022-08-07,2022-07-08
"chirinos","Cajamarca","San Ignacio","Chirinos",-78.9441076,-5.2965736,NA,3.26086956521739,"octubre",2022-08-05,2022-08-07,2022-06-09
"chirinos","Cajamarca","San Ignacio","Chirinos",-78.9565723,-5.2860134,NA,55,"septiembre",2022-08-05,2022-08-05,2022-07-07
"chirinos","Cajamarca","San Ignacio","Chirinos",-78.9691667,-5.2901217,NA,30,"noviembre",2022-08-06,2022-08-07,2022-07-14
"chirinos","Cajamarca","San Ignacio","Chirinos",-78.9487434,-5.2979415,NA,30,"octubre",2022-08-04,2022-08-07,2022-07-14
"chirinos","Cajamarca","San Ignacio","Chirinos",-78.972947,-5.2841362,NA,0,"septiembre",2022-08-06,2022-08-07,NA
"chirinos","Cajamarca","San Ignacio","Chirinos",-78.9460566,-5.3034961,NA,40,"septiembre",2022-08-05,2022-08-05,2022-08-04
"chirinos","Cajamarca","San Ignacio","Chirinos",-78.9560564,-5.2855189,NA,20,"octubre",2022-08-05,2022-08-07,2022-08-05
"chirinos","Cajamarca","San Ignacio
","Chirinos",-78.9054428,-5.2873455,NA,50,"septiembre",2022-08-05,2022-08-08,2022-07-16
"chirinos","Cajamarca","San Ignacio","Chirinos",-78.9337259,-5.2945741,NA,25,"septiembre",2022-08-08,2022-08-08,2022-06-16
"chirinos","Cajamarca","San Ignacio","Chirinos",-78.9016238,-5.3036586,NA,2.35507246376812,"octubre",2022-08-08,2022-08-08,2022-06-06
"chirinos","Cajamarca","San Ignacio","Chirinos",-78.914179,-5.2881191,NA,50,"noviembre",2022-08-08,2022-08-08,2022-07-04
"chirinos","Cajamarca","San Ignacio","Chirinos",-78.9130476,-5.2887457,NA,1.35869565217391,"octubre",2022-08-08,2022-08-08,2022-06-06
"chirinos","Cajamarca","San Ignacio","Chirinos",-78.896886,-5.3076347,NA,40,"octubre",2022-08-08,2022-08-09,2015-08-08
"chirinos","Cajamarca","San Ignacio","Chirinos",-78.9159488,-5.2789076,NA,25,"septiembre",2022-08-08,2022-08-09,NA
"chirinos","Cajamarca","San Ignacio","Chirinos",-78.9156342,-5.2782796,NA,60,"septiembre",2022-08-09,2022-08-09,NA
"chirinos","Cajamarca","San Ignacio","Chirinos",-78.896847,-5.3077203,NA,60,"octubre",2022-08-08,2022-08-09,2022-06-06
"chirinos","Cajamarca","San Ignacio","Chirinos",-78.9167416,-5.2879581,NA,1.44927536231884,"octubre",2022-08-08,2022-08-08,2022-08-08
"chirinos","Cajamarca","San Ignacio","Chirinos",-78.9058423,-5.2416377,NA,30,"octubre",2022-08-02,2022-08-08,2022-03-15
"chirinos","Cajamarca","San Ignacio","Chirinos",-78.8866078,-5.3196629,NA,40,"septiembre",2022-08-09,2022-08-09,NA
"chirinos","Cajamarca","San Ignacio","Chirinos",-78.9175947,-5.2371521,NA,30,"noviembre",2022-08-02,2022-08-08,2022-06-09
"chirinos","Cajamarca","San Ignacio","Chirinos",-78.9169047,-5.2368492,NA,10,"octubre",2022-08-02,2022-08-08,2022-08-03
"chirinos","CAJAMARCA","SAN IGNACIO","LA COIPA",-78.9931396,-5.4031498,NA,60,"septiembre",2022-07-25,2022-08-10,2012-03-07
"chirinos","CAJAMARCA","San Ignacio","CHIRINOS",-78.9313964,-5.2836153,NA,45,"septiembre",2022-08-04,2022-08-09,2022-08-04
"chirinos","Cajamarca","San Ignacio","Chirinos",-78.9293072,-5.2831252,NA,15,"septiembre",2022-08-05,2022-08-09,2022-06-01
"chirinos","Cajamarca","San Ignacio","Chirinos",-78.8783154,-5.322161,NA,60,"diciembre",2022-08-08,2022-08-08,2022-08-08
"chirinos","Cajamarca","San Ignacio","Chirinos",-78.9639158,-5.2588197,NA,30,"noviembre",2022-08-08,2022-08-08,2022-05-03
"chirinos","Cajamarca","San Ignacio","Chirinos",-78.9605886,-5.2734422,NA,1.26811594202899,"septiembre",2022-08-08,2022-08-08,2022-08-08
"chirinos","Cajamarca","San Ignacio","Chirinos",-78.9428753,-5.2797983,NA,1.6304347826087,"octubre",2022-08-09,2022-08-09,2022-08-09
"chirinos","Cajamarca","San Ignacio","Chirinos",-78.9504463,-5.2832429,NA,40,"septiembre",2022-08-09,2022-08-09,2022-05-10
"chirinos","Cajamarca","San Ignacio","Chirinos",-78.89527,-5.305,NA,1.6304347826087,"octubre",2022-08-09,2022-08-09,2022-06-08
"chirinos","Cajamarca","San Ignacio","Chirinos",-78.8808425,-5.3028049,NA,50,"octubre",2022-08-10,2022-08-10,NA
"chirinos","Cajamarca","San Ignacio","Chirinos",-78.8796383,-5.2990009,NA,15,"octubre",2022-08-10,2022-08-10,NA
"chirinos","Cajamarca","San Ignacio","Chirinos",-78.90285,-5.2801395,NA,30,"noviembre",2022-08-11,2022-08-11,NA
"chirinos","Cajamarca","San Ignacio","Chirinos",-78.90456,-5.2824736,NA,25,"septiembre",2022-08-11,2022-08-11,NA
"chirinos","Cajamarca
","San Ignacio","Chirinos",-78.8983652,-5.3114751,NA,2.17391304347826,"septiembre",2022-08-09,2022-08-13,2022-04-18
"chirinos","Cajamarca","San Ignacio","Chirinos",-78.8983682,-5.306187,NA,38,"septiembre",2022-08-09,2022-08-14,2022-08-15
"chirinos","San Ignacio","San Ignacio","Chirinos",-78.8970144,-5.3113635,NA,2.53623188405797,"septiembre",2022-08-11,2022-08-14,2022-06-04
"chirinos","Cajamarca","San Ignacio","Chirinos",-78.9021248,-5.3182423,NA,22,"septiembre",2022-08-09,2022-08-14,2022-04-20
"chirinos","Cajamarca","San Ignacio","Chirinos",-78.89625,-5.3105433,NA,1.81159420289855,"octubre",2022-08-09,2022-08-14,2022-05-15
"chirinos","Cajamarca","San Ignacio","Chirinos",-78.8969161,-5.3075872,NA,48,"octubre",2022-08-09,2022-08-14,2022-04-17
"chirinos","Cajamarca","San Ignacio","Chirinos",-78.8969451,-5.3076713,NA,18,"septiembre",2022-08-09,2022-08-14,2022-03-15
"chirinos","San Ignacio","San Ignacio","Chirinos",-78.8928969,-5.3116636,NA,38,"julio",2022-08-12,2022-08-14,2022-05-02
"chirinos","Cajamarca","San Ignacio","Chirinos",-78.8863698,-5.3394535,NA,40,"octubre",2022-08-09,2022-08-14,2022-06-06
"chirinos","Cajamarca","San Ignacio","Chirinos",-78.9015952,-5.3035841,NA,35,"octubre",2022-08-09,2022-08-14,2022-07-04
"chirinos","Cajamarca","San Ignacio","Chirinos",-78.9129094,-5.2887573,NA,35,"octubre",2022-08-09,2022-08-16,2022-06-06
"chirinos","Cajamarca","San Ignacio","Chirinos",-78.89699,-5.3076238,NA,35,"octubre",2022-08-09,2022-08-16,2022-06-13
"chirinos","Cajamarca","San Ignacio","Chirinos",-78.9506553,-5.3221392,NA,1.17753623188406,"octubre",2022-08-12,2022-08-12,NA
"chirinos","CAJAMARCA","SAN IGNACIO","LA COIPA",-79.0275267,-5.3568527,NA,40,"octubre",2022-08-11,2022-08-11,2016-05-03
"chirinos","CAJAMARCA","SAN IGNACIO","LA COIPA",-79.0259231,-5.3603818,NA,1.81159420289855,"septiembre",2022-08-11,2022-08-11,2013-03-01
"chirinos","Cajamarca","San Ignacio","Chirinos",-78.8892319,-5.3137287,NA,30,"septiembre",2022-08-15,2022-08-15,2022-08-15
"chirinos","Cajamarca","San Ignacio","Chirinos",-78.889196,-5.3136746,NA,23,"septiembre",2022-08-15,2022-08-15,2022-08-15
"chirinos","Cajamarca","San Ignacio","Chirinos",-78.9008393,-5.3120441,NA,8,"septiembre",2022-08-16,2022-08-16,NA
"chirinos","Cajamarca","San Ignacio","Chirinos",-78.9024666,-5.3120401,NA,1.72101449275362,"septiembre",2022-08-16,2022-08-17,NA
"chirinos","Cajamarca","San Ignacio","Chirinos",-78.9505265,-5.3215747,NA,30,"septiembre",2022-08-12,2022-08-17,NA
"chirinos","Cajamarca","San Ignacio","Chirinos",-78.8971855,-5.3075324,NA,12,"octubre",2022-08-16,2022-08-16,NA
"chirinos","Cajamarca","San Ignacio","Chirinos",-78.9003858,-5.3147658,NA,28,"octubre",2022-08-16,2022-08-16,NA
"chirinos","Cajamarca","San Ignacio","Chirinos",-78.9519045,-5.3199683,NA,25,"octubre",2022-08-12,2022-08-17,NA
"chirinos","Cajamarca","San Ignacio","Chirinos",-78.8995849,-5.3170162,NA,20,"septiembre",2022-08-17,2022-08-17,NA
"chirinos","Cajamarca","San Ignacio","Chirinos",-78.8545217,-5.3024746,NA,35,"octubre",2022-08-09,2022-08-16,2022-06-06
"chirinos","Cajamarca","San Ignacio","Chirinos",-78.8969779,-5.307559,NA,15,"septiembre",2022-08-09,2022-08-16,2022-06-06
"chirinos","Cajamarca","San Ignacio","Chirinos",-78.906053,-5.2417386,NA,15,"septiembre",2022-08-02,2022-08-12,2022-04-01
"chirinos","Cajamarca","San Ignacio","Chirinos",-78.9097592,-5.2410386,NA,40,"septiembre",2022-08-03,2022-08-12,2022-08-03
"chirinos","Cajamarca","San Ignacio","Chirinos",-78.9085737,-5.2422526,NA,50,"septiembre",2022-08-03,2022-08-12,2022-04-12
"chirinos","Cajamarca","San Ignacio","Chirinos",-78.8879396,-5.3041184,NA,30,"octubre",2022-08-09,2022-08-11,2022-04-05
"chirinos","Cajamarca","San Ignacio","Chirinos",-78.8795942,-5.3037689,NA,17,"octubre",2022-08-11,2022-08-12,2022-05-03
"chirinos","Cajamarca","San Ignacio","Chirinos",-78.9617841,-5.2594889,NA,36,"septiembre",2022-08-12,2022-08-12,2022-06-08
"chirinos","Cajamarca","San Ignacio","Chirinos",-78.8906848,-5.277076,NA,40,"septiembre",2022-08-15,2022-08-15,2022-05-03
"chirinos","Cajamarca","San Ignacio","Chirinos",-78.8925121,-5.2737447,NA,35,"septiembre",2022-08-15,2022-08-18,2022-04-06
"chirinos","Cajamarca","San Ignacio","Chirinos",-78.8939367,-5.27618,NA,30,"octubre",2022-08-15,2022-08-18,2022-04-13
"chirinos","Cajamarca","San Ignacio","Chirinos",-78.8724544,-5.3031028,NA,30,"septiembre",2022-08-16,2022-08-18,2022-05-11
"chirinos","Cajamarca","San  Ignacio","Chirinos",-78.8939977,-5.2951568,NA,10,"octubre",2022-08-17,2022-08-18,2022-04-05
"chirinos","Cajamarca","San Ignacio","Chirinos",-78.8868231,-5.2823085,NA,50,"octubre",2022-08-17,2022-08-18,2022-05-12
"chirinos","Cajamarca","San Ignacio","Chirinos",-78.9307689,-5.372132,NA,10,"octubre",2022-08-18,2022-08-18,2022-04-18
"chirinos","Cajamarca","San Ignacio","Chirinos",-78.896884,-5.2808923,NA,25,"septiembre",2022-08-15,2022-08-17,2022-04-13
"chirinos","Cajamarca","San Ignacio","Chirinos",-78.889361,-5.3162364,NA,15,"septiembre",2022-08-16,2022-08-18,2022-06-25
"chirinos","Cajamarca","San Ignacio","Chirinos",-78.884867,-5.318624,NA,25,"septiembre",2022-08-16,2022-08-16,2022-06-06
"chirinos","Cajamarca","San Ignacio","Chirinos",-78.87564,-5.324315,NA,1.44927536231884,"octubre",2022-07-27,2022-08-18,2022-06-07
"chirinos","Cajamarca","San Ignacio","Chirinos",-78.8950501,-5.3081719,NA,35,"octubre",2022-08-18,2022-08-19,2022-05-16
"chirinos","Cajamarca","San Ignacio","Chirinos",-78.9527494,-5.3143714,NA,15,"octubre",2022-08-12,2022-08-19,NA
"chirinos","Cajamarca","San Ignacio","Chirinos",-78.8996298,-5.3040662,NA,20,"octubre",2022-08-17,2022-08-19,2022-06-17
"chirinos","Cajamarca","San Ignacio","Chirinos",-78.8786398,-5.3040911,NA,32,"octubre",2022-08-10,2022-08-19,NA
"chirinos","Cajamarca","San Ignacio","Chirinos",-78.9082221,-5.3241691,NA,1.81159420289855,"septiembre",2022-08-18,2022-08-19,2022-06-16
"chirinos","Cajamarca","San Ignacio","Chirinos",-78.9012504,-5.3015223,NA,20,"septiembre",2022-08-09,2022-08-18,NA
"chirinos","Cajamarca","San Ignacio","Chirinos",-78.8987791,-5.3041013,NA,18,"septiembre",2022-08-18,2022-08-19,2022-06-16
"chirinos","Cajamarca","San Ignacio","Chirinos",-78.9051997,-5.2907619,NA,20,"septiembre",2022-08-09,2022-08-19,NA
"chirinos","Cajamarca","San Ignacio","Chirinos",-78.9057518,-5.290986,NA,18,"septiembre",2022-08-10,2022-08-19,NA
"chirinos","Cajamarca","San Ignacio","Chirinos",-78.8788815,-5.3037129,NA,40,"octubre",2022-08-17,2022-08-19,NA
"chirinos","Cajamarca","San Ignacio","Chirinos",-78.9049286,-5.3212669,NA,10,"septiembre",2022-08-18,2022-08-19,2022-06-09
"chirinos","Cajamarca","San Ignacio","Chirinos",-78.8988408,-5.3046396,NA,35,"septiembre",2022-08-19,2022-08-19,2022-06-06
"chirinos","Cajamarca","San Ignacio","Chirinos",-78.9048288,-5.2931552,NA,30,"octubre",2022-08-19,2022-08-19,2022-03-14
"chirinos","Cajamarca","San Ignacio","Chirinos",-78.89827,-5.3058366,NA,15,"octubre",2022-08-19,2022-08-19,2022-05-02
"chirinos","Cajamarca","San Ignacio","Chirinos",-78.8996225,-5.3050644,NA,35,"octubre",2022-08-16,2022-08-19,2022-06-06
"chirinos","Cajamarca","San Ignacio","Chirinos",-78.9042746,-5.3196413,NA,21,"septiembre",2022-08-18,2022-08-19,2022-05-02
"chirinos","Cajamarca","San Ignacio","Chirinos",-78.9006266,-5.284412,NA,20,"noviembre",2022-08-18,2022-08-19,2022-05-09
"chirinos","Cajamarca","San Ignacio","Chirinos",-78.9003564,-5.3027884,NA,20,"septiembre",2022-08-18,2022-08-19,2022-05-09
"chirinos","Cajamarca","San Ignacio","Chirinos",-78.9051137,-5.2909396,NA,1.44927536231884,"noviembre",2022-08-18,2022-08-19,2022-08-01
"chirinos","Cajamarca","San Ignacio","Chirinos",-78.8882973,-5.325951,NA,25,"octubre",2022-08-16,2022-08-19,2022-03-07
"chirinos","Cajamarca","San Ignacio","Chirinos",-78.8982601,-5.3160915,NA,1.6304347826087,"septiembre",2022-08-17,2022-08-19,2022-05-16
"chirinos","Cajamarca","San Ignacio","Chirinos",-78.905999,-5.31017,NA,23,"octubre",2022-07-27,2022-07-28,2017-03-10
"chirinos","Cajamarca","San Ignacio","Chirinos",-78.9266225,-5.2255594,NA,1.81159420289855,"octubre",2022-08-04,2022-08-21,2022-08-04
"chirinos","Cajamarca","San Ignacio","Chirinos",-78.9276567,-5.2424367,NA,1.6304347826087,"agosto",2022-08-04,2022-08-21,2022-08-04
